season,manager,player,player_id,player_key,position,price,pick_no,depth,slot,row,team,college,pts,pos_rank,pos_n,source
2012,Alex,Steelers,,def:Steelers,DEF,1,,1,D/ST,7,Pittsburgh Steelers,,111.0,21,32,sheet
2012,Alex,Robbie Gould,49,id:49,K,1,,1,K,8,Chicago Bears,Penn State,107.0,19,28,sheet
2012,Alex,Drew Brees,289,id:289,QB,52,,1,QB,0,New Orleans Saints,Purdue,345.6,1,74,sheet
2012,Alex,Marshawn Lynch,745,id:745,RB,32,,1,RB,1,Seattle Seahawks,California,246.6,4,89,sheet
2012,Alex,Jamaal Charles,323,id:323,RB,25,,2,RB,2,Kansas City Chiefs,Texas,204.5,8,89,sheet
2012,Alex,Roy Helu,915,id:915,RB,9,,3,FLEX,6,Washington Commanders,Nebraska,4.7,75,89,sheet
2012,Alex,Ben Tate,1004,id:1004,RB,4,,4,BE,11,Houston Texans,Auburn,42.8,50,89,sheet
2012,Alex,Mark Ingram,956,id:956,RB,1,,5,BE,13,New Orleans Saints,Alabama,93.1,29,89,sheet
2012,Alex,Jonathan Dwyer,,name:jonathan dwyer|RB,RB,1,,6,BE,14,Pittsburgh Steelers,Georgia Tech,,,,sheet
2012,Alex,Jared Cook,367,id:367,TE,1,,1,TE,5,Tennessee Titans,South Carolina,74.3,17,84,sheet
2012,Alex,Roddy White,4,id:4,WR,38,,1,WR,3,Atlanta Falcons,UAB,177.1,10,146,sheet
2012,Alex,Julio Jones,947,id:947,WR,15,,2,WR,4,Atlanta Falcons,Alabama,182.8,9,146,sheet
2012,Alex,Brandon Lloyd,386,id:386,WR,9,,3,BE,9,New England Patriots,Illinois,115.1,33,146,sheet
2012,Alex,Marques Colston,201,id:201,WR,8,,4,BE,10,New Orleans Saints,Hofstra,171.4,12,146,sheet
2012,Alex,Laurent Robinson,,name:laurent robinson|WR,WR,2,,5,BE,12,Jacksonville Jaguars,Illinois State,,,,sheet
2012,Alex,Malcom Floyd,316,id:316,WR,1,,6,BE,15,Los Angeles Chargers,Wyoming,111.4,35,146,sheet
2012,Ankit,49ers,,def:49ers,DEF,3,,1,D/ST,7,San Francisco 49ers,,158.0,7,32,sheet
2012,Ankit,Sebastian Janikowski,118,id:118,K,2,,1,K,8,Las Vegas Raiders,Florida State,135.0,10,28,sheet
2012,Ankit,Tony Romo,142,id:142,QB,25,,1,QB,0,Dallas Cowboys,Eastern Illinois,278.9,8,74,sheet
2012,Ankit,Ryan Mathews,571,id:571,RB,47,,1,RB,1,Los Angeles Chargers,Fresno State,97.9,27,89,sheet
2012,Ankit,Adrian Peterson,184,id:184,RB,29,,2,RB,2,Minnesota Vikings,Oklahoma,307.4,1,89,sheet
2012,Ankit,Reggie Bush,179,id:179,RB,14,,3,FLEX,6,Miami Dolphins,USC,171.8,14,89,sheet
2012,Ankit,Michael Bush,,name:michael bush|RB,RB,5,,4,BE,9,Chicago Bears,Louisville,,,,sheet
2012,Ankit,Toby Gerhart,604,id:604,RB,3,,5,BE,10,Minnesota Vikings,Stanford,34.4,57,89,sheet
2012,Ankit,LeGarrette Blount,730,id:730,RB,2,,6,BE,12,Tampa Bay Buccaneers,Oregon,27.3,60,89,sheet
2012,Ankit,Peyton Hillis,660,id:660,RB,1,,7,BE,14,Kansas City Chiefs,Arkansas,39.1,53,89,sheet
2012,Ankit,Antonio Gates,322,id:322,TE,13,,1,TE,5,Los Angeles Chargers,Kent State,95.8,11,84,sheet
2012,Ankit,Dez Bryant,574,id:574,WR,26,,1,WR,3,Dallas Cowboys,Oklahoma State,207.7,3,146,sheet
2012,Ankit,Brandon Marshall,648,id:648,WR,24,,2,WR,4,Chicago Bears,UCF,216.6,2,146,sheet
2012,Ankit,Randy Moss,,name:randy moss|WR,WR,3,,3,BE,11,San Francisco 49ers,Marshall,,,,sheet
2012,Ankit,Terrell Owens,,name:terrell owens|WR,WR,2,,4,BE,13,,Chattanooga,,,,sheet
2012,Ankit,Chad Johnson,,name:chad johnson|WR,WR,1,,5,BE,15,Detroit Lions,Georgia Tech,,,,sheet
2012,Ben,Eagles,,def:Eagles,DEF,1,,1,D/ST,7,Philadelphia Eagles,,50.0,31,32,sheet
2012,Ben,Garrett Hartley,11,id:11,K,1,,1,K,8,New Orleans Saints,Oklahoma,126.0,14,28,sheet
2012,Ben,Matthew Stafford,421,id:421,QB,48,,1,QB,0,Detroit Lions,Georgia,275.6,11,74,sheet
2012,Ben,Matt Flynn,144,id:144,QB,3,,2,BE,9,Seattle Seahawks,LSU,2.2,49,74,sheet
2012,Ben,Tim Tebow,559,id:559,QB,1,,3,BE,11,New York Jets,Florida,11.8,46,84,sheet
2012,Ben,Matt Forte,103,id:103,RB,40,,1,RB,1,Chicago Bears,Tulane,177.4,12,89,sheet
2012,Ben,Darren Sproles,246,id:246,RB,21,,2,RB,2,New Orleans Saints,Kansas State,141.1,20,89,sheet
2012,Ben,David Wilson,,name:david wilson|RB,RB,2,,3,BE,10,New York Giants,Virginia Tech,,,,sheet
2012,Ben,Shane Vereen,814,id:814,RB,1,,4,BE,12,New England Patriots,California,62.0,38,89,sheet
2012,Ben,Jason Witten,23,id:23,TE,7,,1,TE,5,Dallas Cowboys,Tennessee,121.9,4,84,sheet
2012,Ben,Tony Gonzalez,,name:tony gonzalez|TE,TE,1,,2,BE,13,Atlanta Falcons,California,,,,sheet
2012,Ben,Andre Johnson,92,id:92,WR,37,,1,WR,3,Houston Texans,Miami (FL),183.8,8,146,sheet
2012,Ben,Wes Welker,177,id:177,WR,23,,2,WR,4,New England Patriots,Texas Tech,171.4,11,146,sheet
2012,Ben,Torrey Smith,826,id:826,WR,12,,3,FLEX,6,Baltimore Ravens,Maryland,134.4,24,146,sheet
2012,Ben,Vincent Brown,891,id:891,WR,1,,4,BE,14,Los Angeles Chargers,San Diego State,,,,sheet
2012,Ben,Jerome Simpson,321,id:321,WR,1,,5,BE,15,Minnesota Vikings,Coastal Carolina,25.4,99,146,sheet
2012,Jake,Seahawks,,def:Seahawks,DEF,1,,1,D/ST,7,Seattle Seahawks,,174.0,4,32,sheet
2012,Jake,Dan Bailey,899,id:899,K,1,,1,K,8,Dallas Cowboys,Oklahoma State,137.0,8,28,sheet
2012,Jake,Peyton Manning,294,id:294,QB,14,,1,QB,0,Denver Broncos,Tennessee,311.0,6,74,sheet
2012,Jake,Philip Rivers,331,id:331,QB,10,,2,BE,9,Los Angeles Chargers,NC State,208.2,21,74,sheet
2012,Jake,Maurice Jones-Drew,293,id:293,RB,46,,1,RB,1,Jacksonville Jaguars,UCLA,62.0,37,89,sheet
2012,Jake,BenJarvus Green-Ellis,5820,id:5820,RB,18,,2,RB,2,Cincinnati Bengals,Ole Miss,151.8,18,89,sheet
2012,Jake,Ahmad Bradshaw,78,id:78,RB,16,,3,FLEX,6,New York Giants,Marshall,156.0,17,89,sheet
2012,Jake,James Starks,762,id:762,RB,2,,4,BE,10,Green Bay Packers,Buffalo,34.6,56,89,sheet
2012,Jake,Bernard Scott,,name:bernard scott|RB,RB,1,,5,BE,11,Cincinnati Bengals,Abilene Christian,,,,sheet
2012,Jake,Brandon Jacobs,82,id:82,RB,1,,6,BE,12,San Francisco 49ers,Southern Illinois,,,,sheet
2012,Jake,Aaron Hernandez,516,id:516,TE,4,,1,TE,5,New England Patriots,Florida,,,,sheet
2012,Jake,Martellus Bennett,40,id:40,TE,1,,2,BE,13,New York Giants,Texas A&M,92.6,12,84,sheet
2012,Jake,Larry Fitzgerald,223,id:223,WR,46,,1,WR,3,Arizona Cardinals,Pittsburgh,103.8,41,146,sheet
2012,Jake,Greg Jennings,264,id:264,WR,37,,2,WR,4,Green Bay Packers,Western Michigan,60.6,66,146,sheet
2012,Jake,Rueben Randle,1164,id:1164,WR,1,,3,BE,14,New York Giants,LSU,47.8,76,146,sheet
2012,Jake,Jonathan Baldwin,,name:jonathan baldwin|WR,WR,1,,4,BE,15,Kansas City Chiefs,Pittsburgh,,,,sheet
2012,Joe,Lions,,def:Lions,DEF,1,,1,D/ST,7,Detroit Lions,,63.0,28,32,sheet
2012,Joe,David Akers,,name:david akers|K,K,2,,1,K,8,San Francisco 49ers,Louisville,,,,sheet
2012,Joe,Tom Brady,167,id:167,QB,55,,1,QB,0,New England Patriots,Michigan,340.3,3,74,sheet
2012,Joe,Steven Jackson,57,id:57,RB,32,,1,RB,1,Los Angeles Rams,Oregon State,162.6,16,89,sheet
2012,Joe,Willis McGahee,300,id:300,RB,15,,2,RB,2,Denver Broncos,Miami (FL),,,,sheet
2012,Joe,Donald Brown,377,id:377,RB,7,,3,FLEX,6,Indianapolis Colts,Connecticut,59.0,42,89,sheet
2012,Joe,Kevin Smith,2295,id:2295,RB,2,,4,BE,12,Detroit Lions,Washington,,,,sheet
2012,Joe,Jimmy Graham,616,id:616,TE,39,,1,TE,5,New Orleans Saints,Miami (FL),152.2,1,84,sheet
2012,Joe,Fred Davis,98,id:98,TE,1,,2,BE,14,Washington Commanders,USC,32.6,35,84,sheet
2012,Joe,Miles Austin,122,id:122,WR,18,,1,WR,3,Dallas Cowboys,Monmouth,128.3,26,146,sheet
2012,Joe,Demaryius Thomas,560,id:560,WR,10,,2,WR,4,Denver Broncos,Georgia Tech,197.4,5,146,sheet
2012,Joe,Eric Decker,558,id:558,WR,6,,3,BE,9,Denver Broncos,Minnesota,184.4,7,146,sheet
2012,Joe,DeSean Jackson,147,id:147,WR,6,,4,BE,10,Philadelphia Eagles,California,81.3,56,146,sheet
2012,Joe,Pierre Thomas,34,id:34,WR,3,,5,BE,11,New Orleans Saints,Illinois,94.7,28,89,sheet
2012,Joe,Daniel Thomas,806,id:806,WR,2,,6,BE,13,Miami Dolphins,Kansas State,68.1,35,89,sheet
2012,Joe,Mike Williams,748,id:748,WR,1,,7,BE,15,Tampa Bay Buccaneers,Syracuse,154.7,18,146,sheet
2012,Miller,Ravens,,def:Ravens,DEF,1,,1,D/ST,7,Baltimore Ravens,,132.0,14,32,sheet
2012,Miller,Rob Bironas,,name:rob bironas|K,K,39,,1,K,8,Tennessee Titans,Georgia Southern,,,,sheet
2012,Miller,Eli Manning,188,id:188,QB,25,,1,QB,0,New York Giants,Ole Miss,232.9,15,74,sheet
2012,Miller,Jay Cutler,416,id:416,QB,1,,2,BE,15,Chicago Bears,Vanderbilt,184.6,23,74,sheet
2012,Miller,Darren McFadden,326,id:326,RB,37,,1,RB,1,Las Vegas Raiders,Arkansas,110.5,25,89,sheet
2012,Miller,Michael Turner,,name:michael turner|RB,RB,29,,2,RB,2,Atlanta Falcons,Northern Illinois,,,,sheet
2012,Miller,Shonn Greene,348,id:348,RB,9,,3,BE,9,New York Jets,Iowa,167.4,15,89,sheet
2012,Miller,Ryan Williams,974,id:974,RB,3,,4,BE,11,Arizona Cardinals,Virginia Tech,16.8,67,89,sheet
2012,Miller,Jacob Tamme,32,id:32,TE,5,,1,TE,5,Denver Broncos,Kentucky,67.5,22,84,sheet
2012,Miller,Brandon Pettigrew,465,id:465,TE,2,,2,BE,14,Detroit Lions,Oklahoma State,70.7,19,84,sheet
2012,Miller,Jeremy Maclin,411,id:411,WR,13,,1,WR,3,Philadelphia Eagles,Missouri,125.7,27,146,sheet
2012,Miller,Jordy Nelson,175,id:175,WR,13,,2,WR,4,Green Bay Packers,Kansas State,118.5,29,146,sheet
2012,Miller,Kenny Britt,366,id:366,WR,12,,3,FLEX,6,Tennessee Titans,Rutgers,82.9,55,146,sheet
2012,Miller,Justin Blackmon,1114,id:1114,WR,5,,4,BE,10,Jacksonville Jaguars,Oklahoma State,120.8,28,146,sheet
2012,Miller,Darrius Heyward-Bey,394,id:394,WR,3,,5,BE,12,Las Vegas Raiders,Maryland,92.2,48,146,sheet
2012,Miller,Michael Crabtree,455,id:455,WR,3,,6,BE,13,San Francisco 49ers,Texas Tech,165.3,14,146,sheet
2012,Rohaan,Bears,,def:Bears,DEF,1,,1,D/ST,7,Chicago Bears,,218.0,1,32,sheet
2012,Rohaan,Mason Crosby,59,id:59,K,1,,1,K,8,Green Bay Packers,Colorado,129.0,13,28,sheet
2012,Rohaan,Aaron Rodgers,96,id:96,QB,59,,1,QB,0,Green Bay Packers,California,343.6,2,74,sheet
2012,Rohaan,Andrew Luck,1111,id:1111,QB,1,,2,BE,9,Indianapolis Colts,Stanford,276.5,9,74,sheet
2012,Rohaan,Arian Foster,669,id:669,RB,63,,1,RB,1,Houston Texans,Tennessee,262.1,3,89,sheet
2012,Rohaan,Trent Richardson,1082,id:1082,RB,23,,2,RB,2,Cleveland Browns,Alabama,203.7,9,89,sheet
2012,Rohaan,Vernon Davis,200,id:200,TE,15,,1,TE,5,San Francisco 49ers,Maryland,84.8,14,84,sheet
2012,Rohaan,Hakeem Nicks,474,id:474,WR,29,,1,WR,3,New York Giants,North Carolina,87.2,52,146,sheet
2012,Rohaan,Mario Manningham,68,id:68,WR,1,,2,WR,4,San Francisco 49ers,Michigan,55.3,68,146,sheet
2012,Rohaan,Lance Moore,270,id:270,WR,1,,3,FLEX,6,New Orleans Saints,Toledo,140.1,20,146,sheet
2012,Rohaan,Pierre Garcon,269,id:269,WR,1,,4,BE,10,Washington Commanders,Mount Union,88.2,51,146,sheet
2012,Rohaan,Nate Washington,370,id:370,WR,1,,5,BE,11,Tennessee Titans,Tiffin,98.6,43,146,sheet
2012,Rohaan,Sidney Rice,14,id:14,WR,1,,6,BE,12,Seattle Seahawks,South Carolina,,,,sheet
2012,Rohaan,Nate Burleson,,name:nate burleson|WR,WR,1,,7,BE,13,Detroit Lions,Nevada,,,,sheet
2012,Rohaan,James Jones,253,id:253,WR,1,,8,BE,14,Green Bay Packers,San Jose State,162.4,16,146,sheet
2012,Rohaan,Santana Moss,69,id:69,WR,1,,9,BE,15,Washington Commanders,Miami (FL),104.7,40,146,sheet
2012,Ryan,Jets,,def:Jets,DEF,1,,1,D/ST,7,New York Jets,,121.0,18,32,sheet
2012,Ryan,Alex Henery,,name:alex henery|K,K,2,,1,K,8,Philadelphia Eagles,Nebraska,,,,sheet
2012,Ryan,Cam Newton,954,id:954,QB,28,,1,QB,0,Carolina Panthers,Auburn,323.5,4,74,sheet
2012,Ryan,Ray Rice,16,id:16,RB,66,,1,RB,1,Baltimore Ravens,Rutgers,222.1,6,89,sheet
2012,Ryan,Stevan Ridley,811,id:811,RB,2,,2,RB,2,New England Patriots,LSU,199.4,10,89,sheet
2012,Ryan,Isaac Redman,,name:isaac redman|RB,RB,2,,3,FLEX,6,Pittsburgh Steelers,Bowie State,,,,sheet
2012,Ryan,Doug Martin,1195,id:1195,RB,2,,4,BE,9,Tampa Bay Buccaneers,Boise State,262.6,2,89,sheet
2012,Ryan,Rashard Mendenhall,145,id:145,RB,2,,5,BE,10,Pittsburgh Steelers,Illinois,,,,sheet
2012,Ryan,Rob Gronkowski,515,id:515,TE,37,,1,TE,5,New England Patriots,Arizona,143.0,2,84,sheet
2012,Ryan,Calvin Johnson,240,id:240,WR,47,,1,WR,3,Detroit Lions,Georgia Tech,220.4,1,146,sheet
2012,Ryan,Antonio Brown,536,id:536,WR,3,,2,WR,4,Pittsburgh Steelers,Central Michigan,105.1,39,146,sheet
2012,Ryan,Titus Young,,name:titus young|WR,WR,2,,3,BE,11,Detroit Lions,Boise State,,,,sheet
2012,Ryan,Santonio Holmes,651,id:651,WR,2,,4,BE,12,New York Jets,Ohio State,31.2,91,146,sheet
2012,Ryan,Denarius Moore,887,id:887,WR,2,,5,BE,13,Las Vegas Raiders,Tennessee,115.6,32,146,sheet
2012,Ryan,Plaxico Burress,,name:plaxico burress|WR,WR,1,,6,BE,14,Pittsburgh Steelers,Michigan State,,,,sheet
2012,Ryan,Robert Meachem,230,id:230,WR,1,,7,BE,15,Los Angeles Chargers,Tennessee,32.1,88,146,sheet
2012,Steven,Texans,,def:Texans,DEF,2,,1,D/ST,7,Houston Texans,,142.0,10,32,sheet
2012,Steven,Stephen Gostkowski,110,id:110,K,2,,1,K,8,New England Patriots,Memphis,166.0,2,28,sheet
2012,Steven,Matt Ryan,24,id:24,QB,3,,1,QB,0,Atlanta Falcons,Boston College,304.9,7,74,sheet
2012,Steven,Andy Dalton,829,id:829,QB,2,,2,BE,15,Cincinnati Bengals,TCU,250.8,12,74,sheet
2012,Steven,DeMarco Murray,904,id:904,RB,32,,1,RB,1,Dallas Cowboys,Oklahoma,111.4,24,89,sheet
2012,Steven,Fred Jackson,228,id:228,RB,21,,2,RB,2,Buffalo Bills,Coe,81.4,33,89,sheet
2012,Steven,Frank Gore,232,id:232,RB,19,,3,BE,9,San Francisco 49ers,Miami (FL),196.8,11,89,sheet
2012,Steven,Chris Wells,,name:chris wells|RB,RB,11,,4,BE,11,Arizona Cardinals,Ohio State,,,,sheet
2012,Steven,C.J. Spiller,507,id:507,RB,7,,5,BE,12,Buffalo Bills,Clemson,212.3,7,89,sheet
2012,Steven,Jahvid Best,592,id:592,RB,6,,6,BE,13,Detroit Lions,California,,,,sheet
2012,Steven,Jermichael Finley,,name:jermichael finley|TE,TE,7,,1,TE,5,Green Bay Packers,Texas,,,,sheet
2012,Steven,A.J. Green,830,id:830,WR,28,,1,WR,3,Cincinnati Bengals,Georgia,202.8,4,146,sheet
2012,Steven,Victor Cruz,719,id:719,WR,21,,2,WR,4,New York Giants,UMass,169.2,13,146,sheet
2012,Steven,Mike Wallace,365,id:365,WR,20,,3,FLEX,6,Pittsburgh Steelers,Ole Miss,130.3,25,146,sheet
2012,Steven,Steve Smith,169,id:169,WR,15,,4,BE,10,Carolina Panthers,Utah,142.1,19,146,sheet
2012,Steven,Anquan Boldin,655,id:655,WR,4,,5,BE,14,Baltimore Ravens,Florida State,118.4,30,146,sheet
2012,Zak,Bills,,def:Bills,DEF,1,,1,D/ST,7,Buffalo Bills,,101.0,25,32,sheet
2012,Zak,Matt Prater,17,id:17,K,12,,1,K,8,Denver Broncos,UCF,144.0,7,28,sheet
2012,Zak,Michael Vick,461,id:461,QB,31,,1,QB,0,Philadelphia Eagles,Virginia Tech,151.7,27,74,sheet
2012,Zak,Robert Griffin,1169,id:1169,QB,3,,2,BE,11,Washington Commanders,Baylor,317.5,5,74,sheet
2012,Zak,LeSean McCoy,676,id:676,RB,56,,1,RB,1,Philadelphia Eagles,Pittsburgh,145.3,19,89,sheet
2012,Zak,Chris Johnson,272,id:272,RB,48,,2,RB,2,Tennessee Titans,East Carolina,175.5,13,89,sheet
2012,Zak,DeAngelo Williams,306,id:306,RB,9,,3,FLEX,6,Carolina Panthers,Memphis,130.4,21,89,sheet
2012,Zak,Jonathan Stewart,218,id:218,RB,3,,4,BE,12,Carolina Panthers,Oregon,61.3,40,89,sheet
2012,Zak,Coby Fleener,1107,id:1107,TE,1,,1,TE,5,Indianapolis Colts,Stanford,40.1,31,84,sheet
2012,Zak,Dwayne Bowe,286,id:286,WR,13,,1,WR,3,Kansas City Chiefs,LSU,96.1,46,146,sheet
2012,Zak,Percy Harvin,429,id:429,WR,7,,2,WR,4,Minnesota Vikings,Florida,105.3,38,146,sheet
2012,Zak,Vincent Jackson,128,id:128,WR,7,,3,BE,9,Tampa Bay Buccaneers,Northern Colorado,188.4,6,146,sheet
2012,Zak,Steve Johnson,108,id:108,WR,5,,4,BE,10,Buffalo Bills,Kentucky,138.6,21,146,sheet
2012,Zak,Reggie Wayne,194,id:194,WR,2,,5,BE,13,Indianapolis Colts,Miami (FL),163.0,15,146,sheet
2012,Zak,Alshon Jeffery,1149,id:1149,WR,1,,6,BE,14,Chicago Bears,South Carolina,54.7,69,146,sheet
2012,Zak,Greg Little,835,id:835,WR,1,,7,BE,15,Cleveland Browns,North Carolina,90.2,50,146,sheet
2013,Alex,Buccaneers,,def:Buccaneers,DEF,1,,1,D/ST,7,Tampa Bay Buccaneers,,126.0,11,32,sheet
2013,Alex,Matt Bryant,127,id:127,K,1,,1,K,8,Atlanta Falcons,Baylor,122.0,21,30,sheet
2013,Alex,Drew Brees,289,id:289,QB,41,,1,QB,0,New Orleans Saints,Purdue,357.7,2,86,sheet
2013,Alex,LeSean McCoy,676,id:676,RB,48,,1,RB,1,Philadelphia Eagles,Pittsburgh,278.6,2,114,sheet
2013,Alex,Montee Ball,1454,id:1454,RB,20,,2,RB,2,Denver Broncos,Wisconsin,88.4,41,114,sheet
2013,Alex,DeMarco Murray,904,id:904,RB,14,,3,FLEX,6,Dallas Cowboys,Oklahoma,205.1,7,114,sheet
2013,Alex,Isaiah Pead,1206,id:1206,RB,2,,4,BE,10,Los Angeles Rams,Cincinnati,11.9,82,114,sheet
2013,Alex,Jordan Cameron,833,id:833,TE,3,,1,TE,5,Cleveland Browns,USC,133.7,4,109,sheet
2013,Alex,Brandon Marshall,648,id:648,WR,36,,1,WR,3,Chicago Bears,UCF,205.5,5,176,sheet
2013,Alex,Randall Cobb,928,id:928,WR,25,,2,WR,4,Green Bay Packers,Kentucky,75.1,61,176,sheet
2013,Alex,Andre Brown,,name:andre brown|WR,WR,3,,3,BE,9,Houston Texans,NC State,,,,sheet
2013,Alex,Ryan Broyles,1154,id:1154,WR,2,,4,BE,11,Detroit Lions,Oklahoma,8.5,133,176,sheet
2013,Alex,DeAndre Hopkins,1426,id:1426,WR,1,,5,BE,12,Houston Texans,Clemson,90.2,51,176,sheet
2013,Alex,Chris Givens,1201,id:1201,WR,1,,6,BE,13,Los Angeles Rams,Wake Forest,55.7,80,176,sheet
2013,Alex,Steve Johnson,108,id:108,WR,1,,7,BE,14,Buffalo Bills,Kentucky,78.7,57,176,sheet
2013,Alex,Kenbrell Thompkins,1655,id:1655,WR,1,,8,BE,15,New England Patriots,Cincinnati,70.6,63,176,sheet
2013,Ankit,Falcons,,def:Falcons,DEF,1,,1,D/ST,7,Atlanta Falcons,,83.0,30,32,sheet
2013,Ankit,Garrett Hartley,11,id:11,K,1,,1,K,8,New Orleans Saints,Oklahoma,121.0,23,30,sheet
2013,Ankit,Tony Romo,142,id:142,QB,5,,1,QB,0,Dallas Cowboys,Eastern Illinois,260.9,10,86,sheet
2013,Ankit,Stevan Ridley,811,id:811,RB,43,,1,RB,1,New England Patriots,LSU,117.5,29,114,sheet
2013,Ankit,Maurice Jones-Drew,293,id:293,RB,34,,2,RB,2,Jacksonville Jaguars,UCLA,144.0,20,114,sheet
2013,Ankit,Reggie Bush,179,id:179,RB,27,,3,FLEX,6,Detroit Lions,USC,185.2,11,114,sheet
2013,Ankit,DeAngelo Williams,306,id:306,RB,5,,4,BE,11,Carolina Panthers,Memphis,137.6,22,114,sheet
2013,Ankit,BenJarvus Green-Ellis,5820,id:5820,RB,4,,5,BE,13,Cincinnati Bengals,Ole Miss,115.8,31,114,sheet
2013,Ankit,Danny Woodhead,735,id:735,RB,2,,6,BE,14,Los Angeles Chargers,Chadron State,147.4,19,114,sheet
2013,Ankit,Jacquizz Rodgers,949,id:949,RB,2,,7,BE,15,Atlanta Falcons,Oregon State,89.3,40,114,sheet
2013,Ankit,Jared Cook,367,id:367,TE,1,,1,TE,5,Los Angeles Rams,South Carolina,95.1,10,109,sheet
2013,Ankit,Dez Bryant,574,id:574,WR,45,,1,WR,3,Dallas Cowboys,Oklahoma State,199.4,7,176,sheet
2013,Ankit,Dwayne Bowe,286,id:286,WR,11,,2,WR,4,Kansas City Chiefs,LSU,97.3,44,176,sheet
2013,Ankit,Steve Smith,169,id:169,WR,7,,3,BE,9,Carolina Panthers,Utah,98.5,42,176,sheet
2013,Ankit,Tavon Austin,1567,id:1567,WR,7,,4,BE,10,Los Angeles Rams,West Virginia,90.9,50,176,sheet
2013,Ankit,DeSean Jackson,147,id:147,WR,5,,5,BE,12,Philadelphia Eagles,California,187.4,10,176,sheet
2013,Ben,Texans,,def:Texans,DEF,1,,1,D/ST,7,Houston Texans,,65.0,32,32,sheet
2013,Ben,Justin Tucker,1264,id:1264,K,1,,1,K,8,Baltimore Ravens,Texas,162.0,3,30,sheet
2013,Ben,Colin Kaepernick,980,id:980,QB,13,,1,QB,0,San Francisco 49ers,Nevada,264.3,9,86,sheet
2013,Ben,Marshawn Lynch,745,id:745,RB,58,,1,RB,1,Seattle Seahawks,California,239.3,4,114,sheet
2013,Ben,Darren Sproles,246,id:246,RB,26,,2,RB,2,New Orleans Saints,Kansas State,102.4,36,114,sheet
2013,Ben,Daryl Richardson,1265,id:1265,RB,9,,3,BE,9,Los Angeles Rams,Abilene Christian,33.6,71,114,sheet
2013,Ben,Bernard Pierce,1263,id:1263,RB,3,,4,BE,10,Baltimore Ravens,Temple,66.0,50,114,sheet
2013,Ben,Bryce Brown,1026,id:1026,RB,1,,5,BE,11,Philadelphia Eagles,Kansas State,53.8,56,114,sheet
2013,Ben,Roy Helu,915,id:915,RB,1,,6,BE,12,Washington Commanders,Nebraska,76.5,47,114,sheet
2013,Ben,Tony Gonzalez,,name:tony gonzalez|TE,TE,7,,1,TE,5,Atlanta Falcons,California,,,,sheet
2013,Ben,Martellus Bennett,40,id:40,TE,1,,2,BE,13,Chicago Bears,Texas A&M,103.9,9,109,sheet
2013,Ben,A.J. Green,830,id:830,WR,41,,1,WR,3,Cincinnati Bengals,Georgia,208.6,4,176,sheet
2013,Ben,Demaryius Thomas,560,id:560,WR,24,,2,WR,4,Denver Broncos,Georgia Tech,227.0,2,176,sheet
2013,Ben,Mike Wallace,365,id:365,WR,12,,3,FLEX,6,Miami Dolphins,Ole Miss,126.3,26,176,sheet
2013,Ben,Denarius Moore,887,id:887,WR,1,,4,BE,14,Las Vegas Raiders,Tennessee,99.5,41,176,sheet
2013,Ben,Malcom Floyd,316,id:316,WR,1,,5,BE,15,Los Angeles Chargers,Wyoming,14.9,119,176,sheet
2013,Jake,Steelers,,def:Steelers,DEF,1,,1,D/ST,7,Pittsburgh Steelers,,114.0,17,32,sheet
2013,Jake,Dan Bailey,899,id:899,K,1,,1,K,8,Dallas Cowboys,Oklahoma State,153.0,9,30,sheet
2013,Jake,Russell Wilson,1234,id:1234,QB,4,,1,QB,0,Seattle Seahawks,Wisconsin,270.2,8,86,sheet
2013,Jake,Eli Manning,188,id:188,QB,1,,2,BE,14,New York Giants,Ole Miss,170.3,21,86,sheet
2013,Jake,C.J. Spiller,507,id:507,RB,56,,1,RB,1,Buffalo Bills,Clemson,121.8,26,114,sheet
2013,Jake,Doug Martin,1195,id:1195,RB,54,,2,RB,2,Tampa Bay Buccaneers,Boise State,56.2,54,114,sheet
2013,Jake,Ronnie Hillman,1123,id:1123,RB,5,,3,FLEX,6,Denver Broncos,San Diego State,37.7,63,114,sheet
2013,Jake,Shane Vereen,814,id:814,RB,4,,4,BE,9,New England Patriots,California,87.5,42,114,sheet
2013,Jake,Jimmy Graham,616,id:616,TE,34,,1,TE,5,New Orleans Saints,Miami (FL),217.5,1,109,sheet
2013,Jake,Vincent Jackson,128,id:128,WR,25,,1,WR,3,Tampa Bay Buccaneers,Northern Colorado,164.4,14,176,sheet
2013,Jake,Torrey Smith,826,id:826,WR,4,,2,WR,4,Baltimore Ravens,Maryland,138.8,21,176,sheet
2013,Jake,Miles Austin,122,id:122,WR,3,,3,BE,10,Dallas Cowboys,Monmouth,24.4,109,176,sheet
2013,Jake,Jordy Nelson,175,id:175,WR,3,,4,BE,11,Green Bay Packers,Kansas State,179.4,11,176,sheet
2013,Jake,Sidney Rice,14,id:14,WR,2,,5,BE,12,Seattle Seahawks,South Carolina,,,,sheet
2013,Jake,Lance Moore,270,id:270,WR,2,,6,BE,13,New Orleans Saints,Toledo,55.7,78,176,sheet
2013,Jake,Vincent Brown,891,id:891,WR,1,,7,BE,15,Los Angeles Chargers,San Diego State,53.2,85,176,sheet
2013,Joe,Cardinals,,def:Cardinals,DEF,1,,1,D/ST,7,Arizona Cardinals,,169.0,4,32,sheet
2013,Joe,Matt Prater,17,id:17,K,1,,1,K,8,Denver Broncos,UCF,170.0,2,30,sheet
2013,Joe,Aaron Rodgers,96,id:96,QB,43,,1,QB,0,Green Bay Packers,California,169.4,22,86,sheet
2013,Joe,Chris Johnson,272,id:272,RB,32,,1,RB,1,Tennessee Titans,East Carolina,198.2,9,114,sheet
2013,Joe,Lamar Miller,1048,id:1048,RB,14,,2,RB,2,Miami Dolphins,Miami (FL),97.9,38,114,sheet
2013,Joe,Ryan Mathews,571,id:571,RB,12,,3,FLEX,6,Los Angeles Chargers,Fresno State,184.4,12,114,sheet
2013,Joe,Bilal Powell,818,id:818,RB,1,,4,BE,12,New York Jets,Louisville,104.1,35,114,sheet
2013,Joe,Antonio Gates,322,id:322,TE,1,,1,TE,5,Los Angeles Chargers,Kent State,107.2,8,109,sheet
2013,Joe,Calvin Johnson,240,id:240,WR,56,,1,WR,3,Detroit Lions,Georgia Tech,219.2,3,176,sheet
2013,Joe,Roddy White,4,id:4,WR,25,,2,WR,4,Atlanta Falcons,UAB,87.1,54,176,sheet
2013,Joe,Hakeem Nicks,474,id:474,WR,5,,3,BE,9,New York Giants,North Carolina,89.6,52,176,sheet
2013,Joe,Pierre Garcon,269,id:269,WR,4,,4,BE,10,Washington Commanders,Mount Union,164.5,13,176,sheet
2013,Joe,Justin Blackmon,1114,id:1114,WR,2,,5,BE,11,Jacksonville Jaguars,Oklahoma State,47.4,92,176,sheet
2013,Joe,Aaron Dobson,1365,id:1365,WR,1,,6,BE,13,New England Patriots,Marshall,75.9,59,176,sheet
2013,Joe,Alshon Jeffery,1149,id:1149,WR,1,,7,BE,14,Chicago Bears,South Carolina,194.6,8,176,sheet
2013,Joe,Pierre Thomas,34,id:34,WR,1,,8,BE,15,New Orleans Saints,Illinois,134.2,23,114,sheet
2013,Oleg,Seahawks,,def:Seahawks,DEF,3,,1,D/ST,7,Seattle Seahawks,,197.0,2,32,sheet
2013,Oleg,Sebastian Janikowski,118,id:118,K,1,,1,K,8,Las Vegas Raiders,Florida State,114.0,24,30,sheet
2013,Oleg,Peyton Manning,294,id:294,QB,27,,1,QB,0,Denver Broncos,Tennessee,410.0,1,86,sheet
2013,Oleg,Carson Palmer,91,id:91,QB,2,,2,BE,13,Arizona Cardinals,USC,217.3,17,86,sheet
2013,Oleg,Alfred Morris,1170,id:1170,RB,45,,1,RB,1,Washington Commanders,Florida Atlantic,169.3,15,114,sheet
2013,Oleg,Ahmad Bradshaw,78,id:78,RB,17,,2,RB,2,Indianapolis Colts,Marshall,34.8,66,114,sheet
2013,Oleg,Eddie Lacy,1527,id:1527,RB,11,,3,BE,9,Green Bay Packers,Alabama,207.5,6,114,sheet
2013,Oleg,Vick Ballard,1106,id:1106,RB,4,,4,BE,11,Indianapolis Colts,Mississippi State,5.8,93,114,sheet
2013,Oleg,Kyle Rudolph,943,id:943,TE,3,,1,TE,5,Minnesota Vikings,Notre Dame,49.3,33,109,sheet
2013,Oleg,Larry Fitzgerald,223,id:223,WR,27,,1,WR,3,Arizona Cardinals,Pittsburgh,154.2,16,176,sheet
2013,Oleg,Victor Cruz,719,id:719,WR,24,,2,WR,4,New York Giants,UMass,121.8,30,176,sheet
2013,Oleg,Danny Amendola,491,id:491,WR,24,,3,FLEX,6,New England Patriots,Texas Tech,75.4,60,176,sheet
2013,Oleg,Anquan Boldin,655,id:655,WR,7,,4,BE,10,San Francisco 49ers,Florida State,161.0,15,176,sheet
2013,Oleg,T.Y. Hilton,1110,id:1110,WR,3,,5,BE,12,Indianapolis Colts,Florida International,138.9,20,176,sheet
2013,Oleg,Cordarrelle Patterson,1535,id:1535,WR,1,,6,BE,14,Minnesota Vikings,Tennessee,116.7,30,114,sheet
2013,Oleg,Brandon Myers,397,id:397,WR,1,,7,BE,15,New York Giants,Iowa,76.2,17,109,sheet
2013,Rohaan,Broncos,,def:Broncos,DEF,1,,1,D/ST,7,Denver Broncos,,119.0,15,32,sheet
2013,Rohaan,Blair Walsh,1214,id:1214,K,1,,1,K,8,Minnesota Vikings,Georgia,133.0,16,30,sheet
2013,Rohaan,Cam Newton,954,id:954,QB,26,,1,QB,0,Carolina Panthers,Auburn,297.7,3,86,sheet
2013,Rohaan,Ben Roethlisberger,138,id:138,QB,1,,2,BE,9,Pittsburgh Steelers,Miami (OH),258.8,12,86,sheet
2013,Rohaan,Adrian Peterson,184,id:184,RB,76,,1,RB,1,Minnesota Vikings,Oklahoma,203.7,8,114,sheet
2013,Rohaan,Steven Jackson,57,id:57,RB,46,,2,RB,2,Atlanta Falcons,Oregon State,115.4,32,114,sheet
2013,Rohaan,David Wilson,,name:david wilson|RB,RB,30,,3,FLEX,6,New York Giants,Virginia Tech,,,,sheet
2013,Rohaan,Toby Gerhart,604,id:604,RB,1,,4,BE,10,Minnesota Vikings,Stanford,47.1,59,114,sheet
2013,Rohaan,Zach Sudfeld,1654,id:1654,TE,3,,1,TE,5,New England Patriots,Nevada,6.3,75,109,sheet
2013,Rohaan,Greg Olsen,58,id:58,TE,1,,2,BE,11,Carolina Panthers,Miami (FL),117.6,7,109,sheet
2013,Rohaan,Cecil Shorts,866,id:866,WR,9,,1,WR,3,Jacksonville Jaguars,Mount Union,95.7,46,176,sheet
2013,Rohaan,Mike Williams,748,id:748,WR,1,,2,WR,4,Tampa Bay Buccaneers,Syracuse,33.6,104,176,sheet
2013,Rohaan,Darrius Heyward-Bey,394,id:394,WR,1,,3,BE,12,Indianapolis Colts,Maryland,41.5,96,176,sheet
2013,Rohaan,Rueben Randle,1164,id:1164,WR,1,,4,BE,13,New York Giants,LSU,95.1,48,176,sheet
2013,Rohaan,Jacoby Jones,203,id:203,WR,1,,5,BE,14,Baltimore Ravens,Lane,63.5,68,176,sheet
2013,Rohaan,Julian Edelman,344,id:344,WR,1,,6,BE,15,New England Patriots,Kent State,146.7,18,176,sheet
2013,Ryan,49ers,,def:49ers,DEF,1,,1,D/ST,7,San Francisco 49ers,,165.0,6,32,sheet
2013,Ryan,Stephen Gostkowski,110,id:110,K,1,,1,K,8,New England Patriots,Memphis,179.0,1,30,sheet
2013,Ryan,Matt Ryan,24,id:24,QB,6,,1,QB,0,Atlanta Falcons,Boston College,248.1,15,86,sheet
2013,Ryan,Matthew Stafford,421,id:421,QB,2,,2,BE,10,Detroit Lions,Georgia,278.9,7,86,sheet
2013,Ryan,Jay Cutler,416,id:416,QB,1,,3,BE,13,Chicago Bears,Vanderbilt,168.6,23,86,sheet
2013,Ryan,Arian Foster,669,id:669,RB,66,,1,RB,1,Houston Texans,Tennessee,86.5,43,114,sheet
2013,Ryan,Ray Rice,16,id:16,RB,54,,2,RB,2,Baltimore Ravens,Rutgers,120.1,27,114,sheet
2013,Ryan,Darren McFadden,326,id:326,RB,21,,3,FLEX,6,Las Vegas Raiders,Arkansas,81.3,46,114,sheet
2013,Ryan,Fred Jackson,228,id:228,RB,2,,4,BE,11,Buffalo Bills,Coe,187.7,10,114,sheet
2013,Ryan,Mark Ingram,956,id:956,RB,1,,5,BE,14,New Orleans Saints,Alabama,51.4,58,114,sheet
2013,Ryan,Vernon Davis,200,id:200,TE,4,,1,TE,5,San Francisco 49ers,Maryland,161.0,2,109,sheet
2013,Ryan,Wes Welker,177,id:177,WR,24,,1,WR,3,Denver Broncos,Texas Tech,135.8,24,176,sheet
2013,Ryan,Reggie Wayne,194,id:194,WR,8,,2,WR,4,Indianapolis Colts,Miami (FL),64.8,66,176,sheet
2013,Ryan,Antonio Brown,536,id:536,WR,6,,3,BE,9,Pittsburgh Steelers,Central Michigan,204.9,6,176,sheet
2013,Ryan,Golden Tate,642,id:642,WR,2,,4,BE,12,Seattle Seahawks,Notre Dame,122.9,29,176,sheet
2013,Ryan,Josh Gordon,1244,id:1244,WR,1,,5,BE,15,Cleveland Browns,Baylor,227.4,1,176,sheet
2013,Steven,Bears,,def:Bears,DEF,1,,1,D/ST,7,Chicago Bears,,111.0,20,32,sheet
2013,Steven,Phil Dawson,229,id:229,K,1,,1,K,8,San Francisco 49ers,Texas,161.0,5,30,sheet
2013,Steven,Tom Brady,167,id:167,QB,22,,1,QB,0,New England Patriots,Michigan,251.5,14,86,sheet
2013,Steven,Michael Vick,461,id:461,QB,6,,2,BE,9,Philadelphia Eagles,Virginia Tech,101.0,35,86,sheet
2013,Steven,Jamaal Charles,323,id:323,RB,54,,1,RB,1,Kansas City Chiefs,Texas,308.0,1,114,sheet
2013,Steven,Frank Gore,232,id:232,RB,31,,2,RB,2,San Francisco 49ers,Miami (FL),174.9,13,114,sheet
2013,Steven,Rashard Mendenhall,145,id:145,RB,4,,3,BE,11,Arizona Cardinals,Illinois,,,,sheet
2013,Steven,Michael Turner,,name:michael turner|RB,RB,1,,4,BE,14,Atlanta Falcons,Northern Illinois,,,,sheet
2013,Steven,Isaac Redman,,name:isaac redman|RB,RB,1,,5,BE,15,Pittsburgh Steelers,Bowie State,,,,sheet
2013,Steven,Jason Witten,23,id:23,TE,7,,1,TE,5,Dallas Cowboys,Tennessee,133.1,5,109,sheet
2013,Steven,Julio Jones,947,id:947,WR,27,,1,WR,3,Atlanta Falcons,Alabama,68.7,65,176,sheet
2013,Steven,Andre Johnson,92,id:92,WR,21,,2,WR,4,Houston Texans,Miami (FL),170.7,12,176,sheet
2013,Steven,Marques Colston,201,id:201,WR,12,,3,FLEX,6,New Orleans Saints,Hofstra,124.3,28,176,sheet
2013,Steven,Greg Jennings,264,id:264,WR,5,,4,BE,10,Minnesota Vikings,Western Michigan,104.4,39,176,sheet
2013,Steven,James Jones,253,id:253,WR,4,,5,BE,12,Green Bay Packers,San Jose State,97.7,43,176,sheet
2013,Steven,Kenny Britt,366,id:366,WR,3,,6,BE,13,Tennessee Titans,Rutgers,9.6,129,176,sheet
2013,Zak,Bengals,,def:Bengals,DEF,1,,1,D/ST,7,Cincinnati Bengals,,168.0,5,32,sheet
2013,Zak,Greg Zuerlein,1266,id:1266,K,1,,1,K,8,Los Angeles Rams,Missouri Western,122.0,19,30,sheet
2013,Zak,Robert Griffin,1169,id:1169,QB,23,,1,QB,0,Washington Commanders,Baylor,213.0,18,86,sheet
2013,Zak,Andrew Luck,1111,id:1111,QB,6,,2,BE,11,Indianapolis Colts,Stanford,292.6,4,86,sheet
2013,Zak,E.J. Manuel,1349,id:1349,QB,1,,3,BE,14,Buffalo Bills,Florida State,133.5,28,86,sheet
2013,Zak,Trent Richardson,1082,id:1082,RB,50,,1,RB,1,Cleveland Browns,Alabama,109.9,34,114,sheet
2013,Zak,Matt Forte,103,id:103,RB,40,,2,RB,2,Chicago Bears,Tulane,263.3,3,114,sheet
2013,Zak,Giovani Bernard,1386,id:1386,RB,18,,3,FLEX,6,Cincinnati Bengals,North Carolina,166.9,16,114,sheet
2013,Zak,Le'Veon Bell,1408,id:1408,RB,10,,4,BE,9,Pittsburgh Steelers,Michigan State,171.9,14,114,sheet
2013,Zak,Chris Ivory,717,id:717,RB,9,,5,BE,10,New York Jets,Tiffin,102.3,37,114,sheet
2013,Zak,Ben Tate,1004,id:1004,RB,4,,6,BE,12,Houston Texans,Auburn,111.1,33,114,sheet
2013,Zak,Rob Gronkowski,515,id:515,TE,26,,1,TE,5,New England Patriots,Arizona,83.2,15,109,sheet
2013,Zak,Jermichael Finley,,name:jermichael finley|TE,TE,2,,2,BE,13,Green Bay Packers,Texas,,,,sheet
2013,Zak,Eric Decker,558,id:558,WR,7,,1,WR,3,Denver Broncos,Minnesota,192.8,9,176,sheet
2013,Zak,Brian Hartline,339,id:339,WR,1,,2,WR,4,Miami Dolphins,Ohio State,125.6,27,176,sheet
2013,Zak,Percy Harvin,429,id:429,WR,1,,3,BE,15,Seattle Seahawks,Florida,1.7,150,176,sheet
2014,Alex,Rams,,def:Rams,DEF,1,,1,D/ST,7,Los Angeles Rams,,150.0,4,32,sheet
2014,Alex,Nick Folk,650,id:650,K,1,,1,K,8,New York Jets,Arizona,137.0,13,35,sheet
2014,Alex,Drew Brees,289,id:289,QB,35,,1,QB,0,New Orleans Saints,Purdue,303.0,6,89,sheet
2014,Alex,Giovani Bernard,1386,id:1386,RB,36,,1,RB,1,Cincinnati Bengals,North Carolina,144.9,18,140,sheet
2014,Alex,Andre Ellington,1575,id:1575,RB,19,,2,RB,2,Arizona Cardinals,Clemson,131.5,20,140,sheet
2014,Alex,Jeremy Hill,1892,id:1892,RB,3,,3,BE,11,Cincinnati Bengals,LSU,183.9,10,140,sheet
2014,Alex,Darren Sproles,246,id:246,RB,2,,4,BE,12,Philadelphia Eagles,Kansas State,117.6,26,140,sheet
2014,Alex,C.J. Anderson,1451,id:1451,RB,1,,5,BE,13,Denver Broncos,California,177.3,11,140,sheet
2014,Alex,Zach Ertz,1339,id:1339,TE,5,,1,TE,5,Philadelphia Eagles,Stanford,86.2,15,130,sheet
2014,Alex,Alshon Jeffery,1149,id:1149,WR,32,,1,WR,3,Chicago Bears,South Carolina,176.6,11,211,sheet
2014,Alex,Jordy Nelson,175,id:175,WR,29,,2,WR,4,Green Bay Packers,Kansas State,229.9,2,211,sheet
2014,Alex,Andre Johnson,92,id:92,WR,23,,3,FLEX,6,Houston Texans,Miami (FL),105.6,40,211,sheet
2014,Alex,Michael Floyd,1219,id:1219,WR,7,,4,BE,9,Arizona Cardinals,Notre Dame,118.3,31,211,sheet
2014,Alex,Pierre Thomas,34,id:34,WR,4,,5,BE,10,New Orleans Saints,Illinois,78.0,45,140,sheet
2014,Alex,Mike Evans,2216,id:2216,WR,1,,6,BE,14,Tampa Bay Buccaneers,Texas A&M,177.1,10,211,sheet
2014,Alex,DeAndre Hopkins,1426,id:1426,WR,1,,7,BE,15,Houston Texans,Clemson,155.0,15,211,sheet
2014,Ankit,Bengals,,def:Bengals,DEF,2,,1,D/ST,7,Cincinnati Bengals,,104.0,23,32,sheet
2014,Ankit,Adam Vinatieri,120,id:120,K,1,,1,K,8,Indianapolis Colts,South Dakota State,157.0,3,35,sheet
2014,Ankit,Tony Romo,142,id:142,QB,11,,1,QB,0,Dallas Cowboys,Eastern Illinois,266.3,11,89,sheet
2014,Ankit,Alfred Morris,1170,id:1170,RB,34,,1,RB,1,Washington Commanders,Florida Atlantic,170.9,13,140,sheet
2014,Ankit,Montee Ball,1454,id:1454,RB,34,,2,RB,2,Denver Broncos,Wisconsin,27.4,87,140,sheet
2014,Ankit,Carlos Hyde,2257,id:2257,RB,4,,3,FLEX,6,San Francisco 49ers,Ohio State,62.1,54,140,sheet
2014,Ankit,Stevan Ridley,811,id:811,RB,3,,4,BE,9,New England Patriots,LSU,48.0,72,140,sheet
2014,Ankit,Ahmad Bradshaw,78,id:78,RB,3,,5,BE,10,Indianapolis Colts,Marshall,116.5,27,140,sheet
2014,Ankit,James Starks,762,id:762,RB,1,,6,BE,12,Green Bay Packers,Buffalo,59.3,60,140,sheet
2014,Ankit,Khiry Robinson,1720,id:1720,RB,1,,7,BE,13,New Orleans Saints,West Texas A&M,56.5,63,140,sheet
2014,Ankit,Darren McFadden,326,id:326,RB,1,,8,BE,14,Las Vegas Raiders,Arkansas,84.6,39,140,sheet
2014,Ankit,Julius Thomas,874,id:874,TE,25,,1,TE,5,Denver Broncos,Portland State,120.9,8,130,sheet
2014,Ankit,Dez Bryant,574,id:574,WR,50,,1,WR,3,Dallas Cowboys,Oklahoma State,228.0,4,211,sheet
2014,Ankit,Randall Cobb,928,id:928,WR,26,,2,WR,4,Green Bay Packers,Kentucky,202.4,6,211,sheet
2014,Ankit,Brandin Cooks,2197,id:2197,WR,3,,3,BE,11,New Orleans Saints,Oregon State,86.3,56,211,sheet
2014,Ankit,Aaron Dobson,1365,id:1365,WR,1,,4,BE,15,New England Patriots,Marshall,3.8,163,211,sheet
2014,Ben,Cardinals,,def:Cardinals,DEF,1,,1,D/ST,7,Arizona Cardinals,,140.0,7,32,sheet
2014,Ben,Justin Tucker,1264,id:1264,K,2,,1,K,8,Baltimore Ravens,Texas,141.0,12,35,sheet
2014,Ben,Peyton Manning,294,id:294,QB,46,,1,QB,0,Denver Broncos,Tennessee,312.7,4,89,sheet
2014,Ben,Russell Wilson,1234,id:1234,QB,2,,2,BE,11,Seattle Seahawks,Wisconsin,327.6,3,89,sheet
2014,Ben,DeMarco Murray,904,id:904,RB,42,,1,RB,1,Dallas Cowboys,Oklahoma,294.1,1,140,sheet
2014,Ben,Le'Veon Bell,1408,id:1408,RB,41,,2,RB,2,Pittsburgh Steelers,Michigan State,287.5,2,140,sheet
2014,Ben,Shane Vereen,814,id:814,RB,16,,3,FLEX,6,New England Patriots,California,113.8,28,140,sheet
2014,Ben,Knile Davis,1463,id:1463,RB,1,,4,BE,12,Kansas City Chiefs,Arkansas,105.0,32,140,sheet
2014,Ben,Bernard Pierce,1263,id:1263,RB,1,,5,BE,13,Baltimore Ravens,Temple,47.9,73,140,sheet
2014,Ben,Christine Michael,1596,id:1596,RB,1,,6,BE,14,Seattle Seahawks,Texas A&M,18.7,97,140,sheet
2014,Ben,Martellus Bennett,40,id:40,TE,1,,1,TE,5,Chicago Bears,Texas A&M,131.6,6,130,sheet
2014,Ben,Keenan Allen,1479,id:1479,WR,18,,1,WR,3,Los Angeles Chargers,California,98.3,47,211,sheet
2014,Ben,Torrey Smith,826,id:826,WR,13,,2,WR,4,Baltimore Ravens,Maryland,142.7,19,211,sheet
2014,Ben,Michael Crabtree,455,id:455,WR,10,,3,BE,9,San Francisco 49ers,Texas Tech,94.2,50,211,sheet
2014,Ben,Jeremy Maclin,411,id:411,WR,4,,4,BE,10,Philadelphia Eagles,Missouri,191.8,9,211,sheet
2014,Ben,Kelvin Benjamin,2182,id:2182,WR,1,,5,BE,15,Carolina Panthers,Florida State,152.8,17,211,sheet
2014,Jake,Bears,,def:Bears,DEF,1,,1,D/ST,7,Chicago Bears,,105.0,22,32,sheet
2014,Jake,Dan Bailey,899,id:899,K,1,,1,K,8,Dallas Cowboys,Oklahoma State,149.0,7,35,sheet
2014,Jake,Andrew Luck,1111,id:1111,QB,20,,1,QB,0,Indianapolis Colts,Stanford,351.7,2,89,sheet
2014,Jake,Johnny Manziel,1907,id:1907,QB,1,,2,BE,9,Cleveland Browns,Texas A&M,11.9,53,89,sheet
2014,Jake,Jamaal Charles,323,id:323,RB,65,,1,RB,1,Kansas City Chiefs,Texas,210.4,7,140,sheet
2014,Jake,Eddie Lacy,1527,id:1527,RB,56,,2,RB,2,Green Bay Packers,Alabama,230.6,6,140,sheet
2014,Jake,Bishop Sankey,1937,id:1937,RB,5,,3,FLEX,6,Tennessee Titans,Washington,78.2,43,140,sheet
2014,Jake,Knowshon Moreno,387,id:387,RB,1,,4,BE,10,Miami Dolphins,Georgia,21.6,92,140,sheet
2014,Jake,Devonta Freeman,2168,id:2168,RB,1,,5,BE,11,Atlanta Falcons,Florida State,57.3,62,140,sheet
2014,Jake,Dennis Pitta,527,id:527,TE,1,,1,TE,5,Baltimore Ravens,BYU,12.5,67,130,sheet
2014,Jake,Ladarius Green,1139,id:1139,TE,1,,2,BE,12,Los Angeles Chargers,Louisiana,22.6,53,130,sheet
2014,Jake,Julio Jones,947,id:947,WR,39,,1,WR,3,Atlanta Falcons,Alabama,193.4,8,211,sheet
2014,Jake,Eric Decker,558,id:558,WR,5,,2,WR,4,New York Jets,Minnesota,126.2,27,211,sheet
2014,Jake,Terrance Williams,1490,id:1490,WR,1,,3,BE,13,Dallas Cowboys,Baylor,110.1,39,211,sheet
2014,Jake,Tavon Austin,1567,id:1567,WR,1,,4,BE,14,Los Angeles Rams,West Virginia,64.6,71,211,sheet
2014,Jake,James Jones,253,id:253,WR,1,,5,BE,15,Las Vegas Raiders,San Jose State,100.6,44,211,sheet
2014,Joe,Chiefs,,def:Chiefs,DEF,1,,1,D/ST,7,Kansas City Chiefs,,121.0,16,32,sheet
2014,Joe,Phil Dawson,229,id:229,K,1,,1,K,8,San Francisco 49ers,Texas,130.0,15,35,sheet
2014,Joe,Matthew Stafford,421,id:421,QB,9,,1,QB,0,Detroit Lions,Georgia,251.6,15,89,sheet
2014,Joe,Colin Kaepernick,980,id:980,QB,6,,2,BE,9,San Francisco 49ers,Nevada,250.7,16,89,sheet
2014,Joe,LeSean McCoy,676,id:676,RB,67,,1,RB,1,Philadelphia Eagles,Pittsburgh,171.4,12,140,sheet
2014,Joe,Reggie Bush,179,id:179,RB,34,,2,RB,2,Detroit Lions,USC,67.0,51,140,sheet
2014,Joe,Ray Rice,16,id:16,RB,10,,3,FLEX,6,Baltimore Ravens,Rutgers,,,,sheet
2014,Joe,Danny Woodhead,735,id:735,RB,1,,4,BE,10,Los Angeles Chargers,Chadron State,7.2,114,140,sheet
2014,Joe,Ronnie Hillman,1123,id:1123,RB,1,,5,BE,11,Denver Broncos,San Diego State,81.3,41,140,sheet
2014,Joe,Donald Brown,377,id:377,RB,1,,6,BE,12,Los Angeles Chargers,Connecticut,43.4,76,140,sheet
2014,Joe,Vernon Davis,200,id:200,TE,11,,1,TE,5,San Francisco 49ers,Maryland,36.9,37,130,sheet
2014,Joe,Calvin Johnson,240,id:240,WR,54,,1,WR,3,Detroit Lions,Georgia Tech,155.7,14,211,sheet
2014,Joe,Marques Colston,201,id:201,WR,1,,2,WR,4,New Orleans Saints,Hofstra,118.2,32,211,sheet
2014,Joe,Hakeem Nicks,474,id:474,WR,1,,3,BE,13,Indianapolis Colts,North Carolina,64.5,72,211,sheet
2014,Joe,Justin Hunter,1418,id:1418,WR,1,,4,BE,14,Tennessee Titans,Tennessee,67.8,68,211,sheet
2014,Joe,Greg Jennings,264,id:264,WR,1,,5,BE,15,Minnesota Vikings,Western Michigan,110.2,38,211,sheet
2014,John,Seahawks,,def:Seahawks,DEF,7,,1,D/ST,7,Seattle Seahawks,,139.0,9,32,sheet
2014,John,Nick Novak,168,id:168,K,1,,1,K,8,Los Angeles Chargers,Maryland,121.0,21,35,sheet
2014,John,Aaron Rodgers,96,id:96,QB,45,,1,QB,0,Green Bay Packers,California,354.1,1,89,sheet
2014,John,Matt Ryan,24,id:24,QB,2,,2,BE,9,Atlanta Falcons,Boston College,284.3,7,89,sheet
2014,John,Ryan Tannehill,1049,id:1049,QB,1,,3,BE,10,Miami Dolphins,Texas A&M,278.5,8,89,sheet
2014,John,Doug Martin,1195,id:1195,RB,48,,1,RB,1,Tampa Bay Buccaneers,Boise State,67.8,48,140,sheet
2014,John,Joique Bell,736,id:736,RB,13,,2,RB,2,Detroit Lions,Wayne State,164.2,14,140,sheet
2014,John,Mark Ingram,956,id:956,RB,1,,3,FLEX,6,New Orleans Saints,Alabama,162.9,15,140,sheet
2014,John,Marcel Reece,,name:marcel reece|RB,RB,1,,4,BE,11,Las Vegas Raiders,Washington,,,,sheet
2014,John,Tre Mason,2231,id:2231,RB,1,,5,BE,12,Los Angeles Rams,Auburn,119.3,25,140,sheet
2014,John,Jimmy Graham,616,id:616,TE,49,,1,TE,5,New Orleans Saints,Miami (FL),144.9,3,130,sheet
2014,John,Larry Fitzgerald,223,id:223,WR,25,,1,WR,3,Arizona Cardinals,Pittsburgh,88.4,54,211,sheet
2014,John,Rueben Randle,1164,id:1164,WR,3,,2,WR,4,New York Giants,LSU,111.8,34,211,sheet
2014,John,Steve Smith,169,id:169,WR,1,,3,BE,13,Baltimore Ravens,Utah,140.5,20,211,sheet
2014,John,Kenbrell Thompkins,1655,id:1655,WR,1,,4,BE,14,New England Patriots,Cincinnati,26.7,107,211,sheet
2014,John,Markus Wheaton,1413,id:1413,WR,1,,5,BE,15,Pittsburgh Steelers,Oregon State,78.3,58,211,sheet
2014,Oleg,49ers,,def:49ers,DEF,4,,1,D/ST,7,San Francisco 49ers,,123.0,14,32,sheet
2014,Oleg,Stephen Hauschka,775,id:775,K,1,,1,K,8,Seattle Seahawks,NC State,147.0,9,35,sheet
2014,Oleg,Cam Newton,954,id:954,QB,14,,1,QB,0,Carolina Panthers,Auburn,249.0,17,89,sheet
2014,Oleg,Tom Brady,167,id:167,QB,5,,2,BE,13,New England Patriots,Michigan,278.1,9,89,sheet
2014,Oleg,Zac Stacy,1573,id:1573,RB,36,,1,RB,1,Los Angeles Rams,Vanderbilt,46.5,75,140,sheet
2014,Oleg,Ben Tate,1004,id:1004,RB,30,,2,RB,2,Cleveland Browns,Auburn,67.1,50,140,sheet
2014,Oleg,Frank Gore,232,id:232,RB,21,,3,FLEX,6,San Francisco 49ers,Miami (FL),147.7,17,140,sheet
2014,Oleg,Steven Jackson,57,id:57,RB,9,,4,BE,9,Atlanta Falcons,Oregon State,121.5,23,140,sheet
2014,Oleg,Chris Johnson,272,id:272,RB,8,,5,BE,11,New York Jets,East Carolina,91.4,34,140,sheet
2014,Oleg,Jordan Reed,1500,id:1500,TE,7,,1,TE,5,Washington Commanders,Florida,44.5,31,130,sheet
2014,Oleg,Jason Witten,23,id:23,TE,4,,2,BE,14,Dallas Cowboys,Tennessee,100.3,11,130,sheet
2014,Oleg,Vincent Jackson,128,id:128,WR,25,,1,WR,3,Tampa Bay Buccaneers,Northern Colorado,110.2,37,211,sheet
2014,Oleg,Percy Harvin,429,id:429,WR,19,,2,WR,4,Seattle Seahawks,Florida,78.5,57,211,sheet
2014,Oleg,DeSean Jackson,147,id:147,WR,9,,3,BE,10,Washington Commanders,California,153.6,16,211,sheet
2014,Oleg,Emmanuel Sanders,538,id:538,WR,6,,4,BE,12,Denver Broncos,SMU,200.8,7,211,sheet
2014,Oleg,Danny Amendola,491,id:491,WR,2,,5,BE,15,New England Patriots,Texas Tech,26.0,110,211,sheet
2014,Rohaan,Panthers,,def:Panthers,DEF,3,,1,D/ST,7,Carolina Panthers,,114.0,20,32,sheet
2014,Rohaan,Blair Walsh,1214,id:1214,K,1,,1,K,8,Minnesota Vikings,Georgia,124.0,19,35,sheet
2014,Rohaan,Nick Foles,1029,id:1029,QB,6,,1,QB,0,Philadelphia Eagles,Arizona,119.3,29,89,sheet
2014,Rohaan,Adrian Peterson,184,id:184,RB,64,,1,RB,1,Minnesota Vikings,Oklahoma,9.3,110,140,sheet
2014,Rohaan,Toby Gerhart,604,id:604,RB,13,,2,RB,2,Jacksonville Jaguars,Stanford,61.2,55,140,sheet
2014,Rohaan,Rashad Jennings,380,id:380,RB,6,,3,FLEX,6,New York Giants,Liberty,108.5,31,140,sheet
2014,Rohaan,Maurice Jones-Drew,293,id:293,RB,4,,4,BE,9,Las Vegas Raiders,UCLA,16.7,98,140,sheet
2014,Rohaan,Greg Olsen,58,id:58,TE,1,,1,TE,5,Carolina Panthers,Miami (FL),136.8,4,130,sheet
2014,Rohaan,A.J. Green,830,id:830,WR,50,,1,WR,3,Cincinnati Bengals,Georgia,136.3,24,211,sheet
2014,Rohaan,Antonio Brown,536,id:536,WR,41,,2,WR,4,Pittsburgh Steelers,Central Michigan,257.9,1,211,sheet
2014,Rohaan,Golden Tate,642,id:642,WR,3,,3,BE,10,Detroit Lions,Notre Dame,160.1,13,211,sheet
2014,Rohaan,Sammy Watkins,1817,id:1817,WR,2,,4,BE,11,Buffalo Bills,Clemson,133.0,25,211,sheet
2014,Rohaan,Mike Wallace,365,id:365,WR,2,,5,BE,12,Miami Dolphins,Ole Miss,145.8,18,211,sheet
2014,Rohaan,Riley Cooper,582,id:582,WR,2,,6,BE,13,Philadelphia Eagles,Florida,73.7,63,211,sheet
2014,Rohaan,D. Williams,,name:d williams|WR,WR,1,,7,BE,14,,,,,,sheet
2014,Rohaan,Anquan Boldin,655,id:655,WR,1,,8,BE,15,San Francisco 49ers,Florida State,136.6,23,211,sheet
2014,Ryan,Broncos,,def:Broncos,DEF,1,,1,D/ST,7,Denver Broncos,,115.0,19,32,sheet
2014,Ryan,Mason Crosby,59,id:59,K,1,,1,K,8,Green Bay Packers,Colorado,150.0,6,35,sheet
2014,Ryan,Robert Griffin,1169,id:1169,QB,2,,1,QB,0,Washington Commanders,Baylor,87.4,36,89,sheet
2014,Ryan,Jay Cutler,416,id:416,QB,1,,2,BE,12,Chicago Bears,Vanderbilt,255.6,14,89,sheet
2014,Ryan,Matt Forte,103,id:103,RB,57,,1,RB,1,Chicago Bears,Tulane,244.6,4,140,sheet
2014,Ryan,Marshawn Lynch,745,id:745,RB,55,,2,RB,2,Seattle Seahawks,California,265.3,3,140,sheet
2014,Ryan,Trent Richardson,1082,id:1082,RB,13,,3,FLEX,6,Indianapolis Colts,Alabama,90.8,35,140,sheet
2014,Ryan,Fred Jackson,228,id:228,RB,2,,4,BE,11,Buffalo Bills,Coe,122.6,22,140,sheet
2014,Ryan,LeGarrette Blount,730,id:730,RB,1,,5,BE,13,Pittsburgh Steelers,Oregon,88.1,37,140,sheet
2014,Ryan,Jordan Cameron,833,id:833,TE,4,,1,TE,5,Cleveland Browns,USC,54.4,25,130,sheet
2014,Ryan,Demaryius Thomas,560,id:560,WR,45,,1,WR,3,Denver Broncos,Georgia Tech,229.9,3,211,sheet
2014,Ryan,T.Y. Hilton,1110,id:1110,WR,6,,2,WR,4,Indianapolis Colts,Florida International,176.5,12,211,sheet
2014,Ryan,Wes Welker,177,id:177,WR,6,,3,BE,9,Denver Broncos,Texas Tech,58.4,81,211,sheet
2014,Ryan,Julian Edelman,344,id:344,WR,4,,4,BE,10,New England Patriots,Kent State,136.6,22,211,sheet
2014,Ryan,Kendall Wright,1097,id:1097,WR,1,,5,BE,14,Tennessee Titans,Baylor,110.9,36,211,sheet
2014,Ryan,Cecil Shorts,866,id:866,WR,1,,6,BE,15,Jacksonville Jaguars,Mount Union,65.0,70,211,sheet
2014,Steven,Ravens,,def:Ravens,DEF,1,,1,D/ST,7,Baltimore Ravens,,141.0,6,32,sheet
2014,Steven,Stephen Gostkowski,110,id:110,K,2,,1,K,8,New England Patriots,Memphis,173.0,1,35,sheet
2014,Steven,Philip Rivers,331,id:331,QB,1,,1,QB,0,Los Angeles Chargers,NC State,265.6,12,89,sheet
2014,Steven,Arian Foster,669,id:669,RB,39,,1,RB,1,Houston Texans,Tennessee,235.5,5,140,sheet
2014,Steven,C.J. Spiller,507,id:507,RB,19,,2,RB,2,Buffalo Bills,Clemson,52.5,66,140,sheet
2014,Steven,Ryan Mathews,571,id:571,RB,14,,3,FLEX,6,Los Angeles Chargers,Fresno State,57.9,61,140,sheet
2014,Steven,Lamar Miller,1048,id:1048,RB,5,,4,BE,12,Miami Dolphins,Miami (FL),185.4,9,140,sheet
2014,Steven,Shonn Greene,348,id:348,RB,1,,5,BE,15,Tennessee Titans,Iowa,50.5,69,140,sheet
2014,Steven,Rob Gronkowski,515,id:515,TE,30,,1,TE,5,New England Patriots,Arizona,184.4,1,130,sheet
2014,Steven,Brandon Marshall,648,id:648,WR,37,,1,WR,3,Chicago Bears,UCF,118.1,33,211,sheet
2014,Steven,Pierre Garcon,269,id:269,WR,14,,2,WR,4,Washington Commanders,Mount Union,93.2,53,211,sheet
2014,Steven,Roddy White,4,id:4,WR,13,,3,BE,9,Atlanta Falcons,UAB,132.1,26,211,sheet
2014,Steven,Victor Cruz,719,id:719,WR,10,,4,BE,10,New York Giants,UMass,39.7,95,211,sheet
2014,Steven,Cordarrelle Patterson,1535,id:1535,WR,9,,5,BE,11,Minnesota Vikings,Tennessee,60.1,57,140,sheet
2014,Steven,Reggie Wayne,194,id:194,WR,3,,6,BE,13,Indianapolis Colts,Miami (FL),87.9,55,211,sheet
2014,Steven,Dwayne Bowe,286,id:286,WR,2,,7,BE,14,Kansas City Chiefs,LSU,75.4,62,211,sheet
2015,Alex,Panthers,,def:Panthers,DEF,1,,1,D/ST,7,Carolina Panthers,,170.0,3,32,sheet
2015,Alex,Brandon McManus,1433,id:1433,K,1,,1,K,8,Denver Broncos,Temple,140.0,10,39,sheet
2015,Alex,Andrew Luck,1111,id:1111,QB,27,,1,QB,0,Indianapolis Colts,Stanford,130.8,28,95,sheet
2015,Alex,Eli Manning,188,id:188,QB,1,,2,BE,11,New York Giants,Ole Miss,287.4,10,95,sheet
2015,Alex,Matt Forte,103,id:103,RB,52,,1,RB,1,Chicago Bears,Tulane,170.7,9,157,sheet
2015,Alex,Melvin Gordon,2320,id:2320,RB,20,,2,RB,2,Los Angeles Chargers,Wisconsin,75.3,53,157,sheet
2015,Alex,Andre Ellington,1575,id:1575,RB,15,,3,FLEX,6,Arizona Cardinals,Clemson,59.7,60,157,sheet
2015,Alex,Shane Vereen,814,id:814,RB,3,,4,BE,10,New York Giants,California,99.4,38,157,sheet
2015,Alex,Charles Sims,2223,id:2223,RB,1,,5,BE,12,Tampa Bay Buccaneers,West Virginia,129.0,22,157,sheet
2015,Alex,Jordan Cameron,833,id:833,TE,1,,1,TE,5,Miami Dolphins,USC,56.6,31,140,sheet
2015,Alex,A.J. Green,830,id:830,WR,40,,1,WR,3,Cincinnati Bengals,Georgia,187.7,8,217,sheet
2015,Alex,DeAndre Hopkins,1426,id:1426,WR,30,,2,WR,4,Houston Texans,Clemson,220.1,6,217,sheet
2015,Alex,John Brown,2238,id:2238,WR,5,,3,BE,9,Arizona Cardinals,Pittsburg State,142.5,21,217,sheet
2015,Alex,Breshad Perriman,2331,id:2331,WR,1,,4,BE,13,Baltimore Ravens,UCF,0.0,198,217,sheet
2015,Alex,David Cobb,2441,id:2441,WR,1,,5,BE,14,Tennessee Titans,Minnesota,20.4,98,157,sheet
2015,Alex,Markus Wheaton,1413,id:1413,WR,1,,6,BE,15,Pittsburgh Steelers,Oregon State,106.9,40,217,sheet
2015,Ankit,Bills,,def:Bills,DEF,3,,1,D/ST,7,Buffalo Bills,,97.0,21,32,sheet
2015,Ankit,Adam Vinatieri,120,id:120,K,2,,1,K,8,Indianapolis Colts,South Dakota State,129.0,14,39,sheet
2015,Ankit,Philip Rivers,331,id:331,QB,1,,1,QB,0,Los Angeles Chargers,NC State,284.5,12,95,sheet
2015,Ankit,Eddie Lacy,1527,id:1527,RB,60,,1,RB,1,Green Bay Packers,Alabama,120.6,25,157,sheet
2015,Ankit,Justin Forsett,458,id:458,RB,30,,2,RB,2,Baltimore Ravens,California,91.4,43,157,sheet
2015,Ankit,Isaiah Crowell,1901,id:1901,RB,12,,3,FLEX,6,Cleveland Browns,Alabama State,118.8,27,157,sheet
2015,Ankit,Alfred Blue,1944,id:1944,RB,5,,4,BE,12,Houston Texans,LSU,96.7,40,157,sheet
2015,Ankit,C.J. Spiller,507,id:507,RB,4,,5,BE,14,New Orleans Saints,Clemson,47.1,68,157,sheet
2015,Ankit,Reggie Bush,179,id:179,RB,2,,6,BE,15,San Francisco 49ers,USC,4.7,125,157,sheet
2015,Ankit,Zach Ertz,1339,id:1339,TE,3,,1,TE,5,Philadelphia Eagles,Stanford,95.3,11,140,sheet
2015,Ankit,Alshon Jeffery,1149,id:1149,WR,38,,1,WR,3,Chicago Bears,South Carolina,104.7,41,217,sheet
2015,Ankit,Sammy Watkins,1817,id:1817,WR,11,,2,WR,4,Buffalo Bills,Clemson,158.8,16,217,sheet
2015,Ankit,Jeremy Maclin,411,id:411,WR,9,,3,BE,9,Kansas City Chiefs,Missouri,156.2,17,217,sheet
2015,Ankit,Nelson Agholor,2325,id:2325,WR,8,,4,BE,10,Philadelphia Eagles,USC,32.3,101,217,sheet
2015,Ankit,DeSean Jackson,147,id:147,WR,7,,5,BE,11,Washington Commanders,California,74.8,58,217,sheet
2015,Ankit,Martavis Bryant,1916,id:1916,WR,5,,6,BE,13,Pittsburgh Steelers,Clemson,120.2,32,217,sheet
2015,Ben,Titans,,def:Titans,DEF,1,,1,D/ST,7,Tennessee Titans,,81.0,27,32,sheet
2015,Ben,Matt Prater,17,id:17,K,1,,1,K,8,Detroit Lions,UCF,118.0,19,39,sheet
2015,Ben,Peyton Manning,294,id:294,QB,15,,1,QB,0,Denver Broncos,Tennessee,91.4,34,95,sheet
2015,Ben,C.J. Anderson,1451,id:1451,RB,47,,1,RB,1,Denver Broncos,California,116.3,30,157,sheet
2015,Ben,Latavius Murray,1476,id:1476,RB,21,,2,RB,2,Las Vegas Raiders,UCF,163.8,10,157,sheet
2015,Ben,Knile Davis,1463,id:1463,RB,2,,3,BE,10,Kansas City Chiefs,Arkansas,15.6,101,157,sheet
2015,Ben,Cameron Artis-Payne,2477,id:2477,RB,1,,4,BE,11,Carolina Panthers,Auburn,30.1,81,157,sheet
2015,Ben,Darren Sproles,246,id:246,RB,1,,5,BE,12,Philadelphia Eagles,Kansas State,106.5,33,157,sheet
2015,Ben,Andre Williams,2088,id:2088,RB,1,,6,BE,13,New York Giants,Boston College,34.4,77,157,sheet
2015,Ben,Christine Michael,1596,id:1596,RB,1,,7,BE,14,Dallas Cowboys,Texas A&M,25.9,87,157,sheet
2015,Ben,Larry Donnell,1759,id:1759,TE,1,,1,TE,5,New York Giants,Grambling,34.3,43,140,sheet
2015,Ben,Antonio Brown,536,id:536,WR,48,,1,WR,3,Pittsburgh Steelers,Central Michigan,252.2,1,217,sheet
2015,Ben,Calvin Johnson,240,id:240,WR,45,,2,WR,4,Detroit Lions,Georgia Tech,173.4,9,217,sheet
2015,Ben,Keenan Allen,1479,id:1479,WR,10,,3,FLEX,6,Los Angeles Chargers,California,94.5,46,217,sheet
2015,Ben,Victor Cruz,719,id:719,WR,4,,4,BE,9,New York Giants,UMass,0.0,196,217,sheet
2015,Ben,Eddie Royal,297,id:297,WR,1,,5,BE,15,Chicago Bears,Virginia Tech,29.7,106,217,sheet
2015,Eli,Broncos,,def:Broncos,DEF,1,,1,D/ST,7,Denver Broncos,,174.0,1,32,sheet
2015,Eli,Justin Tucker,1264,id:1264,K,2,,1,K,8,Baltimore Ravens,Texas,146.0,8,39,sheet
2015,Eli,Russell Wilson,1234,id:1234,QB,17,,1,QB,0,Seattle Seahawks,Wisconsin,336.3,3,95,sheet
2015,Eli,Tom Brady,167,id:167,QB,7,,2,BE,10,New England Patriots,Michigan,343.7,2,95,sheet
2015,Eli,Matthew Stafford,421,id:421,QB,4,,3,BE,13,Detroit Lions,Georgia,289.8,9,95,sheet
2015,Eli,Carlos Hyde,2257,id:2257,RB,25,,1,RB,1,San Francisco 49ers,Ohio State,70.3,55,157,sheet
2015,Eli,Joique Bell,736,id:736,RB,11,,2,RB,2,Detroit Lions,Wayne State,83.7,49,157,sheet
2015,Eli,Jonathan Stewart,218,id:218,RB,10,,3,BE,9,Carolina Panthers,Oregon,146.8,16,157,sheet
2015,Eli,Rashad Jennings,380,id:380,RB,5,,4,BE,11,New York Giants,Liberty,135.9,20,157,sheet
2015,Eli,Giovani Bernard,1386,id:1386,RB,5,,5,BE,12,Cincinnati Bengals,North Carolina,132.2,21,157,sheet
2015,Eli,Martellus Bennett,40,id:40,TE,2,,1,TE,5,Chicago Bears,Texas A&M,61.9,28,140,sheet
2015,Eli,Dez Bryant,574,id:574,WR,46,,1,WR,3,Dallas Cowboys,Oklahoma State,58.1,76,217,sheet
2015,Eli,Demaryius Thomas,560,id:560,WR,41,,2,WR,4,Denver Broncos,Georgia Tech,162.4,14,217,sheet
2015,Eli,Julian Edelman,344,id:344,WR,17,,3,FLEX,6,New England Patriots,Kent State,111.5,37,217,sheet
2015,Eli,Mike Wallace,365,id:365,WR,4,,4,BE,14,Minnesota Vikings,Ole Miss,59.9,73,217,sheet
2015,Eli,Jeff Janis,2140,id:2140,WR,3,,5,BE,15,Green Bay Packers,Saginaw Valley State,7.9,162,217,sheet
2015,Jake,Jets,,def:Jets,DEF,1,,1,D/ST,7,New York Jets,,115.0,16,32,sheet
2015,Jake,Dan Bailey,899,id:899,K,1,,1,K,8,Dallas Cowboys,Oklahoma State,131.0,12,39,sheet
2015,Jake,Tony Romo,142,id:142,QB,4,,1,QB,0,Dallas Cowboys,Eastern Illinois,40.7,42,95,sheet
2015,Jake,Sam Bradford,621,id:621,QB,1,,2,BE,15,Philadelphia Eagles,Oklahoma,194.9,24,95,sheet
2015,Jake,Jamaal Charles,323,id:323,RB,60,,1,RB,1,Kansas City Chiefs,Texas,80.1,51,157,sheet
2015,Jake,Lamar Miller,1048,id:1048,RB,34,,2,RB,2,Miami Dolphins,Miami (FL),184.9,6,157,sheet
2015,Jake,Chris Ivory,717,id:717,RB,11,,3,FLEX,6,New York Jets,Tiffin,172.7,8,157,sheet
2015,Jake,Tevin Coleman,2378,id:2378,RB,4,,4,BE,11,Atlanta Falcons,Indiana,40.6,73,157,sheet
2015,Jake,Chris Johnson,272,id:272,RB,3,,5,BE,12,Arizona Cardinals,East Carolina,101.2,36,157,sheet
2015,Jake,Devonta Freeman,2168,id:2168,RB,2,,6,BE,13,Atlanta Falcons,Florida State,243.4,1,157,sheet
2015,Jake,Jason Witten,23,id:23,TE,4,,1,TE,5,Dallas Cowboys,Tennessee,87.3,13,140,sheet
2015,Jake,Randall Cobb,928,id:928,WR,39,,1,WR,3,Green Bay Packers,Kentucky,123.9,29,217,sheet
2015,Jake,Amari Cooper,2309,id:2309,WR,16,,2,WR,4,Las Vegas Raiders,Alabama,140.7,24,217,sheet
2015,Jake,Jarvis Landry,1825,id:1825,WR,11,,3,BE,9,Miami Dolphins,LSU,165.4,13,217,sheet
2015,Jake,Allen Robinson,1992,id:1992,WR,7,,4,BE,10,Jacksonville Jaguars,Penn State,224.0,4,217,sheet
2015,Jake,Devon Allen,8411,id:8411,WR,2,,5,BE,14,,Oregon,,,,sheet
2015,Joe,Seahawks,,def:Seahawks,DEF,3,,1,D/ST,7,Seattle Seahawks,,156.0,5,32,sheet
2015,Joe,Mason Crosby,59,id:59,K,1,,1,K,8,Green Bay Packers,Colorado,128.0,16,39,sheet
2015,Joe,Drew Brees,289,id:289,QB,16,,1,QB,0,New Orleans Saints,Purdue,304.2,6,95,sheet
2015,Joe,Marshawn Lynch,745,id:745,RB,62,,1,RB,1,Seattle Seahawks,California,69.7,56,157,sheet
2015,Joe,Frank Gore,232,id:232,RB,22,,2,RB,2,Indianapolis Colts,Miami (FL),159.4,12,157,sheet
2015,Joe,Arian Foster,669,id:669,RB,21,,3,FLEX,6,Houston Texans,Tennessee,55.0,64,157,sheet
2015,Joe,Darren McFadden,326,id:326,RB,8,,4,BE,10,Dallas Cowboys,Arkansas,155.7,13,157,sheet
2015,Joe,Doug Martin,1195,id:1195,RB,6,,5,BE,11,Tampa Bay Buccaneers,Boise State,199.3,3,157,sheet
2015,Joe,Ameer Abdullah,2359,id:2359,RB,5,,6,BE,12,Detroit Lions,Nebraska,92.0,42,157,sheet
2015,Joe,Ryan Mathews,571,id:571,RB,2,,7,BE,14,Philadelphia Eagles,Fresno State,104.5,34,157,sheet
2015,Joe,Travis Kelce,1466,id:1466,TE,12,,1,TE,5,Kansas City Chiefs,Cincinnati,117.5,8,140,sheet
2015,Joe,Davante Adams,2133,id:2133,WR,15,,1,WR,3,Green Bay Packers,Fresno State,56.3,80,217,sheet
2015,Joe,Brandon Marshall,648,id:648,WR,12,,2,WR,4,New York Jets,UCF,230.2,3,217,sheet
2015,Joe,Andre Johnson,92,id:92,WR,10,,3,BE,9,Indianapolis Colts,Miami (FL),74.3,61,217,sheet
2015,Joe,Torrey Smith,826,id:826,WR,3,,4,BE,13,San Francisco 49ers,Maryland,92.3,47,217,sheet
2015,Joe,Percy Harvin,429,id:429,WR,2,,5,BE,15,Buffalo Bills,Florida,30.9,104,217,sheet
2015,Rohaan,Texans,,def:Texans,DEF,2,,1,D/ST,7,Houston Texans,,151.0,6,32,sheet
2015,Rohaan,Stephen Hauschka,775,id:775,K,2,,1,K,8,Seattle Seahawks,NC State,146.0,7,39,sheet
2015,Rohaan,Ben Roethlisberger,138,id:138,QB,7,,1,QB,0,Pittsburgh Steelers,Miami (OH),228.1,20,95,sheet
2015,Rohaan,Adrian Peterson,184,id:184,RB,64,,1,RB,1,Minnesota Vikings,Oklahoma,230.7,2,157,sheet
2015,Rohaan,Joseph Randle,1487,id:1487,RB,18,,2,RB,2,Dallas Cowboys,Oklahoma State,64.1,57,157,sheet
2015,Rohaan,T.J. Yeldon,2341,id:2341,RB,11,,3,FLEX,6,Jacksonville Jaguars,Alabama,119.9,26,157,sheet
2015,Rohaan,LeGarrette Blount,730,id:730,RB,7,,4,BE,9,New England Patriots,Oregon,116.6,29,157,sheet
2015,Rohaan,Jerick McKinnon,2161,id:2161,RB,1,,5,BE,10,Minnesota Vikings,Georgia Southern,62.4,58,157,sheet
2015,Rohaan,Delanie Walker,284,id:284,TE,2,,1,TE,5,Tennessee Titans,Central Missouri,150.4,5,140,sheet
2015,Rohaan,Julio Jones,947,id:947,WR,52,,1,WR,3,Atlanta Falcons,Alabama,233.1,2,217,sheet
2015,Rohaan,Emmanuel Sanders,538,id:538,WR,29,,2,WR,4,Denver Broncos,SMU,148.4,18,217,sheet
2015,Rohaan,Steve Smith,169,id:169,WR,1,,3,BE,11,Baltimore Ravens,Utah,85.0,51,217,sheet
2015,Rohaan,Brian Quick,1208,id:1208,WR,1,,4,BE,12,Los Angeles Rams,Appalachian State,10.2,156,217,sheet
2015,Rohaan,Anquan Boldin,655,id:655,WR,1,,5,BE,13,San Francisco 49ers,Florida State,100.9,43,217,sheet
2015,Rohaan,Michael Floyd,1219,id:1219,WR,1,,6,BE,14,Arizona Cardinals,Notre Dame,120.9,31,217,sheet
2015,Rohaan,Mohamed Sanu,1071,id:1071,WR,1,,7,BE,15,Cincinnati Bengals,Rutgers,58.5,75,217,sheet
2015,Ryan,Dolphins,,def:Dolphins,DEF,1,,1,D/ST,7,Miami Dolphins,,92.0,24,32,sheet
2015,Ryan,Cody Parkey,1974,id:1974,K,1,,1,K,8,Philadelphia Eagles,Auburn,17.0,38,39,sheet
2015,Ryan,Matt Ryan,24,id:24,QB,2,,1,QB,0,Atlanta Falcons,Boston College,233.9,19,95,sheet
2015,Ryan,Le'Veon Bell,1408,id:1408,RB,55,,1,RB,1,Pittsburgh Steelers,Michigan State,87.2,46,157,sheet
2015,Ryan,DeMarco Murray,904,id:904,RB,40,,2,RB,2,Philadelphia Eagles,Oklahoma,140.4,18,157,sheet
2015,Ryan,DeAngelo Williams,306,id:306,RB,4,,3,FLEX,6,Pittsburgh Steelers,Memphis,191.4,4,157,sheet
2015,Ryan,Tre Mason,2231,id:2231,RB,2,,4,BE,12,Los Angeles Rams,Auburn,33.5,79,157,sheet
2015,Ryan,Rob Gronkowski,515,id:515,TE,43,,1,TE,5,New England Patriots,Arizona,183.6,1,140,sheet
2015,Ryan,Jordan Matthews,1800,id:1800,WR,30,,1,WR,3,Philadelphia Eagles,Vanderbilt,145.7,6,140,sheet
2015,Ryan,Vincent Jackson,128,id:128,WR,8,,2,WR,4,Tampa Bay Buccaneers,Northern Colorado,74.3,60,217,sheet
2015,Ryan,Eric Decker,558,id:558,WR,3,,3,BE,9,New York Jets,Minnesota,172.7,10,217,sheet
2015,Ryan,Roddy White,4,id:4,WR,3,,4,BE,10,Atlanta Falcons,UAB,56.6,79,217,sheet
2015,Ryan,Bishop Sankey,1937,id:1937,WR,3,,5,BE,11,Tennessee Titans,Washington,43.2,72,157,sheet
2015,Ryan,Larry Fitzgerald,223,id:223,WR,2,,6,BE,13,Arizona Cardinals,Pittsburgh,171.5,11,217,sheet
2015,Ryan,Brandon LaFell,613,id:613,WR,2,,7,BE,14,New England Patriots,LSU,52.4,83,217,sheet
2015,Ryan,Donte Moncrief,1971,id:1971,WR,1,,8,BE,15,Indianapolis Colts,Ole Miss,109.3,38,217,sheet
2015,Steven,Rams,,def:Rams,DEF,1,,1,D/ST,7,Los Angeles Rams,,135.0,10,32,sheet
2015,Steven,Stephen Gostkowski,110,id:110,K,2,,1,K,8,New England Patriots,Memphis,171.0,1,39,sheet
2015,Steven,Aaron Rodgers,96,id:96,QB,27,,1,QB,0,Green Bay Packers,California,301.2,7,95,sheet
2015,Steven,LeSean McCoy,676,id:676,RB,43,,1,RB,1,Buffalo Bills,Pittsburgh,146.7,17,157,sheet
2015,Steven,Alfred Morris,1170,id:1170,RB,30,,2,RB,2,Washington Commanders,Florida Atlantic,86.6,47,157,sheet
2015,Steven,Todd Gurley,2315,id:2315,RB,14,,3,FLEX,6,Los Angeles Rams,Georgia,187.4,5,157,sheet
2015,Steven,L. Taliefero,,name:l taliefero|RB,RB,2,,4,BE,9,,,,,,sheet
2015,Steven,Fred Jackson,228,id:228,RB,1,,5,BE,12,Seattle Seahawks,Coe,45.7,70,157,sheet
2015,Steven,Duke Johnson,2382,id:2382,RB,1,,6,BE,13,Cleveland Browns,Miami (FL),103.3,35,157,sheet
2015,Steven,Jonas Gray,1698,id:1698,RB,1,,7,BE,14,Miami Dolphins,Notre Dame,25.2,88,157,sheet
2015,Steven,Jimmy Graham,616,id:616,TE,22,,1,TE,5,Seattle Seahawks,Miami (FL),72.5,19,140,sheet
2015,Steven,Mike Evans,2216,id:2216,WR,30,,1,WR,3,Tampa Bay Buccaneers,Texas A&M,136.6,26,217,sheet
2015,Steven,Brandin Cooks,2197,id:2197,WR,21,,2,WR,4,New Orleans Saints,Oregon State,169.6,12,217,sheet
2015,Steven,Devin Funchess,2346,id:2346,WR,2,,3,BE,10,Carolina Panthers,Michigan,75.3,17,140,sheet
2015,Steven,Kendall Wright,1097,id:1097,WR,2,,4,BE,11,Tennessee Titans,Baylor,60.5,72,217,sheet
2015,Steven,Kenny Britt,366,id:366,WR,1,,5,BE,15,Los Angeles Rams,Rutgers,86.1,50,217,sheet
2015,Tommy,Lions,,def:Lions,DEF,1,,1,D/ST,7,Detroit Lions,,96.0,23,32,sheet
2015,Tommy,Matt Bryant,127,id:127,K,1,,1,K,8,Atlanta Falcons,Baylor,74.0,31,39,sheet
2015,Tommy,Cam Newton,954,id:954,QB,7,,1,QB,0,Carolina Panthers,Auburn,389.1,1,95,sheet
2015,Tommy,Marcus Mariota,2307,id:2307,QB,1,,2,BE,10,Tennessee Titans,Oregon,210.0,22,95,sheet
2015,Tommy,Jeremy Hill,1892,id:1892,RB,47,,1,RB,1,Cincinnati Bengals,LSU,155.3,14,157,sheet
2015,Tommy,Mark Ingram,956,id:956,RB,30,,2,RB,2,New Orleans Saints,Alabama,153.4,15,157,sheet
2015,Tommy,Danny Woodhead,735,id:735,RB,1,,3,BE,11,Los Angeles Chargers,Chadron State,163.1,11,157,sheet
2015,Tommy,David Johnson,2391,id:2391,RB,1,,4,BE,12,Arizona Cardinals,Northern Iowa,179.8,7,157,sheet
2015,Tommy,Ronnie Hillman,1123,id:1123,RB,1,,5,BE,13,Denver Broncos,San Diego State,137.4,19,157,sheet
2015,Tommy,Greg Olsen,58,id:58,TE,9,,1,TE,5,Carolina Panthers,Miami (FL),150.4,4,140,sheet
2015,Tommy,Julius Thomas,874,id:874,TE,5,,2,BE,9,Jacksonville Jaguars,Portland State,75.5,16,140,sheet
2015,Tommy,Tyler Eifert,1388,id:1388,TE,1,,3,BE,14,Cincinnati Bengals,Notre Dame,139.5,7,140,sheet
2015,Tommy,Odell Beckham,2078,id:2078,WR,42,,1,WR,3,New York Giants,LSU,223.3,5,217,sheet
2015,Tommy,T.Y. Hilton,1110,id:1110,WR,39,,2,WR,4,Indianapolis Colts,Florida International,142.4,22,217,sheet
2015,Tommy,Golden Tate,642,id:642,WR,13,,3,FLEX,6,Detroit Lions,Notre Dame,119.4,33,217,sheet
2015,Tommy,Doug Baldwin,988,id:988,WR,1,,4,BE,15,Seattle Seahawks,Stanford,190.9,7,217,sheet
2016,Aidan,Patriots,,def:Patriots,DEF,1,,1,D/ST,7,New England Patriots,,129.0,7,32,sheet
2016,Aidan,Phil Dawson,229,id:229,K,1,,1,K,8,San Francisco 49ers,Texas,96.0,26,36,sheet
2016,Aidan,Russell Wilson,1234,id:1234,QB,11,,1,QB,0,Seattle Seahawks,Wisconsin,268.1,11,94,sheet
2016,Aidan,Doug Martin,1195,id:1195,RB,31,,1,RB,1,Tampa Bay Buccaneers,Boise State,71.5,52,161,sheet
2016,Aidan,Matt Forte,103,id:103,RB,26,,2,RB,2,New York Jets,Tulane,153.6,21,161,sheet
2016,Aidan,Carlos Hyde,2257,id:2257,RB,21,,3,FLEX,6,San Francisco 49ers,Ohio State,165.1,14,161,sheet
2016,Aidan,Danny Woodhead,735,id:735,RB,6,,4,BE,9,Los Angeles Chargers,Chadron State,21.1,89,161,sheet
2016,Aidan,Charles Sims,2223,id:2223,RB,3,,5,BE,11,Tampa Bay Buccaneers,West Virginia,43.9,67,161,sheet
2016,Aidan,Theo Riddick,1517,id:1517,RB,1,,6,BE,13,Detroit Lions,Notre Dame,108.8,31,161,sheet
2016,Aidan,Kenjon Barner,1546,id:1546,TE,2,,1,TE,5,Philadelphia Eagles,Oregon,29.1,77,161,sheet
2016,Aidan,Antonio Brown,536,id:536,WR,59,,1,WR,3,Pittsburgh Steelers,Central Michigan,201.3,3,224,sheet
2016,Aidan,Keenan Allen,1479,id:1479,WR,28,,2,WR,4,Los Angeles Chargers,California,6.3,167,224,sheet
2016,Aidan,John Brown,2238,id:2238,WR,5,,3,BE,10,Arizona Cardinals,Pittsburg State,64.7,75,224,sheet
2016,Aidan,Michael Crabtree,455,id:455,WR,3,,4,BE,12,Las Vegas Raiders,Texas Tech,150.3,12,224,sheet
2016,Aidan,Willie Snead,1911,id:1911,WR,1,,5,BE,14,New Orleans Saints,Ball State,119.5,35,224,sheet
2016,Aidan,Tavon Austin,1567,id:1567,WR,1,,6,BE,15,Los Angeles Rams,West Virginia,88.8,55,224,sheet
2016,Ankit,Bills,,def:Bills,DEF,1,,1,D/ST,7,Buffalo Bills,,104.0,16,32,sheet
2016,Ankit,Adam Vinatieri,120,id:120,K,1,,1,K,8,Indianapolis Colts,South Dakota State,160.0,3,36,sheet
2016,Ankit,Tyrod Taylor,827,id:827,QB,3,,1,QB,0,Buffalo Bills,Virginia Tech,270.9,8,94,sheet
2016,Ankit,Le'Veon Bell,1408,id:1408,RB,65,,1,RB,1,Pittsburgh Steelers,Michigan State,242.4,4,161,sheet
2016,Ankit,DeAngelo Williams,306,id:306,RB,12,,2,RB,2,Pittsburgh Steelers,Memphis,82.1,46,161,sheet
2016,Ankit,Justin Forsett,458,id:458,RB,3,,3,BE,10,Denver Broncos,California,41.6,68,161,sheet
2016,Ankit,T.J. Yeldon,2341,id:2341,RB,3,,4,BE,11,Jacksonville Jaguars,Alabama,87.7,41,161,sheet
2016,Ankit,Chris Ivory,717,id:717,RB,1,,5,BE,15,Jacksonville Jaguars,Tiffin,74.5,50,161,sheet
2016,Ankit,Jordan Reed,1500,id:1500,TE,24,,1,TE,5,Washington Commanders,Florida,102.6,9,132,sheet
2016,Ankit,Odell Beckham,2078,id:2078,WR,59,,1,WR,3,New York Giants,LSU,195.6,4,224,sheet
2016,Ankit,Jordan Matthews,1800,id:1800,WR,10,,2,WR,4,Philadelphia Eagles,Vanderbilt,98.4,10,132,sheet
2016,Ankit,Kelvin Benjamin,2182,id:2182,WR,6,,3,FLEX,6,Carolina Panthers,Florida State,134.1,20,224,sheet
2016,Ankit,Torrey Smith,826,id:826,WR,4,,4,BE,9,San Francisco 49ers,Maryland,44.7,94,224,sheet
2016,Ankit,DeVante Parker,2319,id:2319,WR,3,,5,BE,12,Miami Dolphins,Louisville,98.4,50,224,sheet
2016,Ankit,Kevin White,2312,id:2312,WR,3,,6,BE,13,Chicago Bears,West Virginia,19.6,130,224,sheet
2016,Ankit,Travis Benjamin,1077,id:1077,WR,2,,7,BE,14,Los Angeles Chargers,Miami (FL),85.4,57,224,sheet
2016,Ben,Panthers,,def:Panthers,DEF,2,,1,D/ST,7,Carolina Panthers,,121.0,9,32,sheet
2016,Ben,Dan Bailey,899,id:899,K,2,,1,K,8,Dallas Cowboys,Oklahoma State,144.0,9,36,sheet
2016,Ben,Andrew Luck,1111,id:1111,QB,9,,1,QB,0,Indianapolis Colts,Stanford,307.7,4,94,sheet
2016,Ben,Ezekiel Elliott,3164,id:3164,RB,46,,1,RB,1,Dallas Cowboys,Ohio State,293.4,2,161,sheet
2016,Ben,Thomas Rawls,2585,id:2585,RB,28,,2,RB,2,Seattle Seahawks,Central Michigan,62.5,58,161,sheet
2016,Ben,Christine Michael,1596,id:1596,RB,4,,3,BE,9,Green Bay Packers,Texas A&M,115.0,28,161,sheet
2016,Ben,Jerick McKinnon,2161,id:2161,RB,2,,4,BE,10,Minnesota Vikings,Georgia Southern,105.4,32,161,sheet
2016,Ben,DeAndre Washington,3300,id:3300,RB,1,,5,BE,12,Las Vegas Raiders,Texas Tech,68.2,54,161,sheet
2016,Ben,Cameron Artis-Payne,2477,id:2477,RB,1,,6,BE,13,Carolina Panthers,Auburn,27.5,79,161,sheet
2016,Ben,Rob Gronkowski,515,id:515,TE,39,,1,TE,5,New England Patriots,Arizona,72.0,23,132,sheet
2016,Ben,Alshon Jeffery,1149,id:1149,WR,31,,1,WR,3,Chicago Bears,South Carolina,94.1,52,224,sheet
2016,Ben,Demaryius Thomas,560,id:560,WR,23,,2,WR,4,Denver Broncos,Georgia Tech,136.3,19,224,sheet
2016,Ben,Eric Decker,558,id:558,WR,8,,3,FLEX,6,New York Jets,Minnesota,31.4,110,224,sheet
2016,Ben,Sterling Shepard,3200,id:3200,WR,2,,4,BE,11,New York Giants,Oklahoma,119.4,37,224,sheet
2016,Ben,Chris Hogan,1329,id:1329,WR,1,,5,BE,14,New England Patriots,Monmouth,90.9,53,224,sheet
2016,Ben,Kamar Aiken,794,id:794,WR,1,,6,BE,15,Baltimore Ravens,UCF,38.8,100,224,sheet
2016,Jake,Vikings,,def:Vikings,DEF,1,,1,D/ST,7,Minnesota Vikings,,158.0,2,32,sheet
2016,Jake,Cairo Santos,2020,id:2020,K,1,,1,K,8,Kansas City Chiefs,Tulane,142.0,10,36,sheet
2016,Jake,Derek Carr,2028,id:2028,QB,1,,1,QB,0,Las Vegas Raiders,Fresno State,268.5,10,94,sheet
2016,Jake,Andy Dalton,829,id:829,QB,1,,2,BE,10,Cincinnati Bengals,TCU,260.6,12,94,sheet
2016,Jake,David Johnson,2391,id:2391,RB,60,,1,RB,1,Arizona Cardinals,Northern Iowa,327.8,1,161,sheet
2016,Jake,Jeremy Hill,1892,id:1892,RB,14,,2,RB,2,Cincinnati Bengals,LSU,155.3,19,161,sheet
2016,Jake,Melvin Gordon,2320,id:2320,RB,5,,3,BE,9,Los Angeles Chargers,Wisconsin,209.6,8,161,sheet
2016,Jake,Jared Cook,367,id:367,TE,1,,1,TE,5,Green Bay Packers,South Carolina,41.7,38,132,sheet
2016,Jake,Julio Jones,947,id:947,WR,58,,1,WR,3,Atlanta Falcons,Alabama,176.9,6,224,sheet
2016,Jake,Jordy Nelson,175,id:175,WR,46,,2,WR,4,Green Bay Packers,Kansas State,207.7,2,224,sheet
2016,Jake,DeSean Jackson,147,id:147,WR,7,,3,FLEX,6,Washington Commanders,California,124.5,31,224,sheet
2016,Jake,Dorial Green-Beckham,2345,id:2345,WR,1,,4,BE,11,Philadelphia Eagles,Missouri,51.2,88,224,sheet
2016,Jake,Charles Johnson,1530,id:1530,WR,1,,5,BE,12,Carolina Panthers,Grand Valley State,23.2,122,224,sheet
2016,Jake,Devin Funchess,2346,id:2346,WR,1,,6,BE,13,Carolina Panthers,Michigan,63.1,27,132,sheet
2016,Jake,Mike Wallace,365,id:365,WR,1,,7,BE,14,Baltimore Ravens,Ole Miss,130.8,24,224,sheet
2016,Jake,Tyler Gaffney,2189,id:2189,WR,1,,8,BE,15,New England Patriots,Stanford,0.0,153,161,sheet
2016,Joe,Texans,,def:Texans,DEF,2,,1,D/ST,7,Houston Texans,,94.0,20,32,sheet
2016,Joe,Stephen Gostkowski,110,id:110,K,4,,1,K,8,New England Patriots,Memphis,140.0,13,36,sheet
2016,Joe,Aaron Rodgers,96,id:96,QB,18,,1,QB,0,Green Bay Packers,California,380.0,1,94,sheet
2016,Joe,LeSean McCoy,676,id:676,RB,44,,1,RB,1,Buffalo Bills,Pittsburgh,248.3,3,161,sheet
2016,Joe,DeMarco Murray,904,id:904,RB,17,,2,RB,2,Tennessee Titans,Oklahoma,240.8,5,161,sheet
2016,Joe,Ryan Mathews,571,id:571,RB,15,,3,FLEX,6,Philadelphia Eagles,Fresno State,131.6,25,161,sheet
2016,Joe,Giovani Bernard,1386,id:1386,RB,3,,4,BE,11,Cincinnati Bengals,North Carolina,83.3,44,161,sheet
2016,Joe,Ameer Abdullah,2359,id:2359,RB,2,,5,BE,12,Detroit Lions,Nebraska,21.8,87,161,sheet
2016,Joe,Tyler Eifert,1388,id:1388,TE,2,,1,TE,5,Cincinnati Bengals,Notre Dame,69.4,25,132,sheet
2016,Joe,Jimmy Graham,616,id:616,TE,1,,2,BE,13,Seattle Seahawks,Miami (FL),124.3,4,132,sheet
2016,Joe,DeAndre Hopkins,1426,id:1426,WR,58,,1,WR,3,Houston Texans,Clemson,119.4,36,224,sheet
2016,Joe,Josh Gordon,1244,id:1244,WR,17,,2,WR,4,Cleveland Browns,Baylor,,,,sheet
2016,Joe,Jeremy Maclin,411,id:411,WR,7,,3,BE,9,Kansas City Chiefs,Missouri,65.5,74,224,sheet
2016,Joe,Vincent Jackson,128,id:128,WR,4,,4,BE,10,Tampa Bay Buccaneers,Northern Colorado,17.3,133,224,sheet
2016,Joe,Tajae Sharpe,3297,id:3297,WR,1,,5,BE,14,Tennessee Titans,UMass,64.3,76,224,sheet
2016,Joe,Allen Hurns,1984,id:1984,WR,1,,6,BE,15,Jacksonville Jaguars,Miami (FL),65.7,73,224,sheet
2016,Oleg,Seahawks,,def:Seahawks,DEF,4,,1,D/ST,7,Seattle Seahawks,,119.0,10,32,sheet
2016,Oleg,Broncos,,def:Broncos,DEF,3,,2,BE,11,Denver Broncos,,149.0,3,32,sheet
2016,Oleg,Blair Walsh,1214,id:1214,K,1,,1,K,8,Minnesota Vikings,Georgia,57.0,32,36,sheet
2016,Oleg,Cam Newton,954,id:954,QB,24,,1,QB,0,Carolina Panthers,Auburn,254.3,17,94,sheet
2016,Oleg,Kirk Cousins,1166,id:1166,QB,2,,2,BE,13,Washington Commanders,Michigan State,300.3,5,94,sheet
2016,Oleg,Eddie Lacy,1527,id:1527,RB,37,,1,RB,1,Green Bay Packers,Alabama,38.8,71,161,sheet
2016,Oleg,Jeremy Langford,2411,id:2411,RB,22,,2,RB,2,Chicago Bears,Michigan State,54.2,61,161,sheet
2016,Oleg,Matt Jones,2400,id:2400,RB,7,,3,BE,9,Washington Commanders,Florida,67.3,56,161,sheet
2016,Oleg,James Starks,762,id:762,RB,2,,4,BE,14,Green Bay Packers,Buffalo,39.9,70,161,sheet
2016,Oleg,Coby Fleener,1107,id:1107,TE,2,,1,TE,5,New Orleans Saints,Stanford,87.3,13,132,sheet
2016,Oleg,Martellus Bennett,40,id:40,TE,1,,2,BE,15,New England Patriots,Texas A&M,113.1,7,132,sheet
2016,Oleg,Dez Bryant,574,id:574,WR,38,,1,WR,3,Dallas Cowboys,Oklahoma State,130.0,26,224,sheet
2016,Oleg,Brandon Marshall,648,id:648,WR,30,,2,WR,4,New York Jets,UCF,96.8,51,224,sheet
2016,Oleg,Julian Edelman,344,id:344,WR,19,,3,FLEX,6,New England Patriots,Kent State,132.3,22,224,sheet
2016,Oleg,Steve Smith,169,id:169,WR,5,,4,BE,10,Baltimore Ravens,Utah,113.9,41,224,sheet
2016,Oleg,Larry Fitzgerald,223,id:223,WR,3,,5,BE,12,Arizona Cardinals,Pittsburgh,136.8,17,224,sheet
2016,Rohaan,Bengals,,def:Bengals,DEF,2,,1,D/ST,7,Cincinnati Bengals,,95.0,19,32,sheet
2016,Rohaan,Stephen Hauschka,775,id:775,K,2,,1,K,8,Seattle Seahawks,NC State,138.0,14,36,sheet
2016,Rohaan,Ben Roethlisberger,138,id:138,QB,11,,1,QB,0,Pittsburgh Steelers,Miami (OH),252.2,18,94,sheet
2016,Rohaan,Philip Rivers,331,id:331,QB,1,,2,BE,9,Los Angeles Chargers,NC State,258.9,14,94,sheet
2016,Rohaan,Adrian Peterson,184,id:184,RB,68,,1,RB,1,Minnesota Vikings,Oklahoma,6.0,117,161,sheet
2016,Rohaan,C.J. Anderson,1451,id:1451,RB,21,,2,RB,2,Denver Broncos,California,86.5,42,161,sheet
2016,Rohaan,Duke Johnson,2382,id:2382,RB,5,,3,FLEX,6,Cleveland Browns,Miami (FL),91.2,40,161,sheet
2016,Rohaan,Bilal Powell,818,id:818,RB,1,,4,BE,10,New York Jets,Louisville,139.0,22,161,sheet
2016,Rohaan,Devontae Booker,3209,id:3209,RB,1,,5,BE,11,Denver Broncos,Utah,111.7,29,161,sheet
2016,Rohaan,Isaiah Crowell,1901,id:1901,RB,1,,6,BE,12,Cleveland Browns,Alabama State,165.1,15,161,sheet
2016,Rohaan,Darren Sproles,246,id:246,RB,1,,7,BE,13,Philadelphia Eagles,Kansas State,110.5,30,161,sheet
2016,Rohaan,Greg Olsen,58,id:58,TE,14,,1,TE,5,Carolina Panthers,Miami (FL),127.3,2,132,sheet
2016,Rohaan,Sammy Watkins,1817,id:1817,WR,39,,1,WR,3,Buffalo Bills,Clemson,55.0,84,224,sheet
2016,Rohaan,Brandin Cooks,2197,id:2197,WR,31,,2,WR,4,New Orleans Saints,Oregon State,168.3,8,224,sheet
2016,Rohaan,Tyler Lockett,2374,id:2374,WR,1,,3,BE,14,Seattle Seahawks,Kansas State,83.1,58,224,sheet
2016,Rohaan,Mohamed Sanu,1071,id:1071,WR,1,,4,BE,15,Atlanta Falcons,Rutgers,89.8,54,224,sheet
2016,Ryan,Cardinals,,def:Cardinals,DEF,1,,1,D/ST,7,Arizona Cardinals,,145.0,4,32,sheet
2016,Ryan,Justin Tucker,1264,id:1264,K,1,,1,K,8,Baltimore Ravens,Texas,179.0,2,36,sheet
2016,Ryan,Tom Brady,167,id:167,QB,5,,1,QB,0,New England Patriots,Michigan,258.6,15,94,sheet
2016,Ryan,Carson Palmer,91,id:91,QB,2,,2,BE,9,Arizona Cardinals,USC,243.1,19,94,sheet
2016,Ryan,Todd Gurley,2315,id:2315,RB,64,,1,RB,1,Los Angeles Rams,Georgia,155.2,20,161,sheet
2016,Ryan,Jamaal Charles,323,id:323,RB,38,,2,RB,2,Kansas City Chiefs,Texas,11.4,107,161,sheet
2016,Ryan,LeGarrette Blount,730,id:730,RB,1,,3,BE,10,New England Patriots,Oregon,225.9,7,161,sheet
2016,Ryan,Spencer Ware,1601,id:1601,RB,1,,4,BE,11,Kansas City Chiefs,LSU,160.8,16,161,sheet
2016,Ryan,Paul Perkins,3211,id:3211,RB,1,,5,BE,12,New York Giants,UCLA,61.8,59,161,sheet
2016,Ryan,Charcandrick West,2024,id:2024,RB,1,,6,BE,13,Kansas City Chiefs,Abilene Christian,66.1,57,161,sheet
2016,Ryan,Travis Kelce,1466,id:1466,TE,6,,1,TE,5,Kansas City Chiefs,Cincinnati,138.0,1,132,sheet
2016,Ryan,Mike Evans,2216,id:2216,WR,30,,1,WR,3,Tampa Bay Buccaneers,Texas A&M,208.1,1,224,sheet
2016,Ryan,Amari Cooper,2309,id:2309,WR,30,,2,WR,4,Las Vegas Raiders,Alabama,149.3,13,224,sheet
2016,Ryan,T.Y. Hilton,1110,id:1110,WR,17,,3,FLEX,6,Indianapolis Colts,Florida International,182.8,5,224,sheet
2016,Ryan,Stefon Diggs,2449,id:2449,WR,1,,4,BE,14,Minnesota Vikings,Maryland,109.3,44,224,sheet
2016,Ryan,Kenny Britt,366,id:366,WR,1,,5,BE,15,Los Angeles Rams,Rutgers,128.2,27,224,sheet
2016,Steven,Chiefs,,def:Chiefs,DEF,1,,1,D/ST,7,Kansas City Chiefs,,164.0,1,32,sheet
2016,Steven,Mason Crosby,59,id:59,K,2,,1,K,8,Green Bay Packers,Colorado,129.0,17,36,sheet
2016,Steven,Drew Brees,289,id:289,QB,9,,1,QB,0,New Orleans Saints,Purdue,332.3,3,94,sheet
2016,Steven,Devonta Freeman,2168,id:2168,RB,41,,1,RB,1,Atlanta Falcons,Florida State,230.1,6,161,sheet
2016,Steven,Jonathan Stewart,218,id:218,RB,23,,2,RB,2,Carolina Panthers,Oregon,138.4,23,161,sheet
2016,Steven,Latavius Murray,1476,id:1476,RB,18,,3,FLEX,6,Las Vegas Raiders,UCF,175.2,13,161,sheet
2016,Steven,Arian Foster,669,id:669,RB,15,,4,BE,9,Miami Dolphins,Tennessee,13.3,102,161,sheet
2016,Steven,Frank Gore,232,id:232,RB,7,,5,BE,12,Indianapolis Colts,Miami (FL),176.2,12,161,sheet
2016,Steven,Jay Ajayi,2452,id:2452,RB,3,,6,BE,13,Miami Dolphins,Boise State,188.3,11,161,sheet
2016,Steven,Tevin Coleman,2378,id:2378,RB,3,,7,BE,14,Atlanta Falcons,Indiana,160.1,18,161,sheet
2016,Steven,Rashad Jennings,380,id:380,RB,2,,8,BE,15,New York Giants,Liberty,103.4,34,161,sheet
2016,Steven,Antonio Gates,322,id:322,TE,1,,1,TE,5,Los Angeles Chargers,Kent State,94.8,11,132,sheet
2016,Steven,Allen Robinson,1992,id:1992,WR,40,,1,WR,3,Jacksonville Jaguars,Penn State,126.3,29,224,sheet
2016,Steven,Jarvis Landry,1825,id:1825,WR,14,,2,WR,4,Miami Dolphins,LSU,137.3,16,224,sheet
2016,Steven,Golden Tate,642,id:642,WR,11,,3,BE,10,Detroit Lions,Notre Dame,132.1,23,224,sheet
2016,Steven,Doug Baldwin,988,id:988,WR,10,,4,BE,11,Seattle Seahawks,Stanford,159.6,10,224,sheet
2016,Tommy,Packers,,def:Packers,DEF,1,,1,D/ST,7,Green Bay Packers,,97.0,17,32,sheet
2016,Tommy,Graham Gano,503,id:503,K,1,,1,K,8,Carolina Panthers,Florida State,144.0,8,36,sheet
2016,Tommy,Blake Bortles,1979,id:1979,QB,1,,1,QB,0,Jacksonville Jaguars,UCF,270.1,9,94,sheet
2016,Tommy,Eli Manning,188,id:188,QB,1,,2,BE,13,New York Giants,Ole Miss,224.2,21,94,sheet
2016,Tommy,Lamar Miller,1048,id:1048,RB,55,,1,RB,1,Houston Texans,Miami (FL),160.1,17,161,sheet
2016,Tommy,Mark Ingram,956,id:956,RB,36,,2,RB,2,New Orleans Saints,Alabama,196.2,10,161,sheet
2016,Tommy,Derrick Henry,3198,id:3198,RB,3,,3,BE,11,Tennessee Titans,Alabama,92.7,39,161,sheet
2016,Tommy,Alfred Morris,1170,id:1170,RB,1,,4,BE,14,Dallas Cowboys,Florida Atlantic,37.4,74,161,sheet
2016,Tommy,Delanie Walker,284,id:284,TE,7,,1,TE,5,Tennessee Titans,Central Missouri,123.1,5,132,sheet
2016,Tommy,A.J. Green,830,id:830,WR,49,,1,WR,3,Cincinnati Bengals,Georgia,120.4,34,224,sheet
2016,Tommy,Randall Cobb,928,id:928,WR,19,,2,WR,4,Green Bay Packers,Kentucky,88.3,56,224,sheet
2016,Tommy,Donte Moncrief,1971,id:1971,WR,9,,3,FLEX,6,Indianapolis Colts,Ole Miss,72.6,68,224,sheet
2016,Tommy,Emmanuel Sanders,538,id:538,WR,8,,4,BE,9,Denver Broncos,SMU,133.6,21,224,sheet
2016,Tommy,Marvin Jones,1067,id:1067,WR,6,,5,BE,10,Detroit Lions,California,117.3,38,224,sheet
2016,Tommy,Michael Floyd,1219,id:1219,WR,2,,6,BE,12,New England Patriots,Notre Dame,78.8,62,224,sheet
2016,Tommy,Tyler Ervin,3280,id:3280,WR,1,,7,BE,15,Houston Texans,San Jose State,-1.9,161,161,sheet
2017,Aidan,Cardinals,,def:Cardinals,DEF,1,,1,D/ST,7,Arizona Cardinals,,105.0,16,32,sheet
2017,Aidan,Phil Dawson,229,id:229,K,1,,1,K,8,Arizona Cardinals,Texas,145.0,12,42,sheet
2017,Aidan,Derek Carr,2028,id:2028,QB,6,,1,QB,0,Las Vegas Raiders,Fresno State,206.4,19,92,sheet
2017,Aidan,Ben Roethlisberger,138,id:138,QB,2,,2,BE,10,Pittsburgh Steelers,Miami (OH),260.7,10,92,sheet
2017,Aidan,Jay Ajayi,2452,id:2452,RB,46,,1,RB,1,Philadelphia Eagles,Boise State,111.1,33,156,sheet
2017,Aidan,Marshawn Lynch,745,id:745,RB,31,,2,RB,2,Las Vegas Raiders,California,144.2,19,156,sheet
2017,Aidan,Danny Woodhead,735,id:735,RB,6,,3,FLEX,6,Baltimore Ravens,Chadron State,25.6,88,156,sheet
2017,Aidan,Theo Riddick,1517,id:1517,RB,2,,4,BE,11,Detroit Lions,Notre Dame,101.0,37,156,sheet
2017,Aidan,Duke Johnson,2382,id:2382,RB,1,,5,BE,12,Cleveland Browns,Miami (FL),142.1,21,156,sheet
2017,Aidan,DeAndre Washington,3300,id:3300,RB,1,,6,BE,13,Las Vegas Raiders,Texas Tech,51.0,68,156,sheet
2017,Aidan,Delanie Walker,284,id:284,TE,8,,1,TE,5,Tennessee Titans,Central Missouri,100.5,8,137,sheet
2017,Aidan,Julio Jones,947,id:947,WR,60,,1,WR,3,Atlanta Falcons,Alabama,163.9,6,231,sheet
2017,Aidan,DeAndre Hopkins,1426,id:1426,WR,28,,2,WR,4,Houston Texans,Clemson,213.8,1,231,sheet
2017,Aidan,Larry Fitzgerald,223,id:223,WR,5,,3,BE,9,Arizona Cardinals,Pittsburgh,152.4,9,231,sheet
2017,Aidan,Sterling Shepard,3200,id:3200,WR,1,,4,BE,14,New York Giants,Oklahoma,85.5,46,231,sheet
2017,Aidan,Danny Amendola,491,id:491,WR,1,,5,BE,15,New England Patriots,Texas Tech,77.9,53,231,sheet
2017,Ankit,Ravens,,def:Ravens,DEF,1,,1,D/ST,7,Baltimore Ravens,,192.0,2,32,sheet
2017,Ankit,Caleb Sturgis,1358,id:1358,K,1,,1,K,8,Philadelphia Eagles,Florida,13.0,40,42,sheet
2017,Ankit,Eli Manning,188,id:188,QB,1,,1,QB,0,New York Giants,Ole Miss,187.3,23,92,sheet
2017,Ankit,Philip Rivers,331,id:331,QB,1,,2,BE,12,Los Angeles Chargers,NC State,270.4,8,92,sheet
2017,Ankit,David Johnson,2391,id:2391,RB,83,,1,RB,1,Arizona Cardinals,Northern Iowa,7.0,114,156,sheet
2017,Ankit,Le'Veon Bell,1408,id:1408,RB,71,,2,RB,2,Pittsburgh Steelers,Michigan State,256.6,2,156,sheet
2017,Ankit,C.J. Anderson,1451,id:1451,RB,8,,3,FLEX,6,Denver Broncos,California,147.1,17,156,sheet
2017,Ankit,Terrance West,1912,id:1912,RB,2,,4,BE,9,Baltimore Ravens,Towson,26.1,87,156,sheet
2017,Ankit,LeGarrette Blount,730,id:730,RB,2,,5,BE,10,Philadelphia Eagles,Oregon,99.6,39,156,sheet
2017,Ankit,Alfred Morris,1170,id:1170,RB,1,,6,BE,13,Dallas Cowboys,Florida Atlantic,65.2,57,156,sheet
2017,Ankit,Greg Olsen,58,id:58,TE,13,,1,TE,5,Carolina Panthers,Miami (FL),25.1,52,137,sheet
2017,Ankit,Keenan Allen,1479,id:1479,WR,7,,1,WR,3,Los Angeles Chargers,California,176.2,3,231,sheet
2017,Ankit,Brandon Marshall,648,id:648,WR,5,,2,WR,4,New York Giants,UCF,15.4,129,231,sheet
2017,Ankit,Pierre Garcon,269,id:269,WR,2,,3,BE,11,San Francisco 49ers,Mount Union,50.0,77,231,sheet
2017,Ankit,Jeremy Maclin,411,id:411,WR,1,,4,BE,14,Baltimore Ravens,Missouri,62.0,66,231,sheet
2017,Ankit,Jordan Matthews,1800,id:1800,WR,1,,5,BE,15,Buffalo Bills,Vanderbilt,32.2,45,137,sheet
2017,Ben,Bills,,def:Bills,DEF,1,,1,D/ST,7,Buffalo Bills,,104.0,19,32,sheet
2017,Ben,Dan Bailey,899,id:899,K,2,,1,K,8,Dallas Cowboys,Oklahoma State,81.0,28,42,sheet
2017,Ben,Russell Wilson,1234,id:1234,QB,7,,1,QB,0,Seattle Seahawks,Wisconsin,347.9,1,92,sheet
2017,Ben,Carlos Hyde,2257,id:2257,RB,30,,1,RB,1,San Francisco 49ers,Ohio State,174.8,11,156,sheet
2017,Ben,Ty Montgomery,2399,id:2399,RB,9,,2,RB,2,Green Bay Packers,Stanford,68.6,53,156,sheet
2017,Ben,Darren McFadden,326,id:326,RB,8,,3,FLEX,6,Dallas Cowboys,Arkansas,-0.2,154,156,sheet
2017,Ben,Samaje Perine,4147,id:4147,RB,1,,4,BE,11,Washington Commanders,Oklahoma,86.5,42,156,sheet
2017,Ben,Jamaal Charles,323,id:323,RB,1,,5,BE,12,Denver Broncos,Texas,44.5,71,156,sheet
2017,Ben,Kerwynn Williams,1441,id:1441,RB,1,,6,BE,13,Arizona Cardinals,Utah State,57.9,63,156,sheet
2017,Ben,C.J. Prosise,3204,id:3204,RB,1,,7,BE,14,Seattle Seahawks,Notre Dame,11.0,106,156,sheet
2017,Ben,Rob Gronkowski,515,id:515,TE,34,,1,TE,5,New England Patriots,Arizona,158.4,1,137,sheet
2017,Ben,Antonio Brown,536,id:536,WR,67,,1,WR,3,Pittsburgh Steelers,Central Michigan,209.3,2,231,sheet
2017,Ben,Terrelle Pryor,1020,id:1020,WR,30,,2,WR,4,Washington Commanders,Ohio State,30.0,108,231,sheet
2017,Ben,Emmanuel Sanders,538,id:538,WR,3,,3,BE,9,Denver Broncos,SMU,67.5,60,231,sheet
2017,Ben,DeVante Parker,2319,id:2319,WR,2,,4,BE,10,Miami Dolphins,Louisville,73.0,56,231,sheet
2017,Ben,Kevin White,2312,id:2312,WR,1,,5,BE,15,Chicago Bears,West Virginia,0.6,190,231,sheet
2017,Jake,Steelers,,def:Steelers,DEF,1,,1,D/ST,7,Pittsburgh Steelers,,131.0,11,32,sheet
2017,Jake,Younghoe Koo,4666,id:4666,K,1,,1,K,8,Los Angeles Chargers,Georgia Southern,19.0,39,42,sheet
2017,Jake,Cam Newton,954,id:954,QB,7,,1,QB,0,Carolina Panthers,Auburn,299.5,2,92,sheet
2017,Jake,Jordan Howard,3306,id:3306,RB,60,,1,RB,1,Chicago Bears,Indiana,176.7,10,156,sheet
2017,Jake,Lamar Miller,1048,id:1048,RB,32,,2,RB,2,Houston Texans,Miami (FL),157.5,14,156,sheet
2017,Jake,Christian McCaffrey,4034,id:4034,RB,16,,3,FLEX,6,Carolina Panthers,Stanford,148.6,15,156,sheet
2017,Jake,Bilal Powell,818,id:818,RB,7,,4,BE,9,New York Jets,Louisville,122.2,26,156,sheet
2017,Jake,Jacquizz Rodgers,949,id:949,RB,2,,5,BE,10,Tampa Bay Buccaneers,Oregon State,37.8,77,156,sheet
2017,Jake,Hunter Henry,3214,id:3214,TE,1,,1,TE,5,Los Angeles Chargers,Arkansas,81.9,13,137,sheet
2017,Jake,Mike Evans,2216,id:2216,WR,57,,1,WR,3,Tampa Bay Buccaneers,Texas A&M,132.1,20,231,sheet
2017,Jake,Allen Robinson,1992,id:1992,WR,9,,2,WR,4,Jacksonville Jaguars,Penn State,1.7,183,231,sheet
2017,Jake,Ted Ginn,695,id:695,WR,2,,3,BE,11,New Orleans Saints,Ohio State,106.6,34,231,sheet
2017,Jake,Willie Snead,1911,id:1911,WR,1,,4,BE,12,New Orleans Saints,Ball State,7.2,160,231,sheet
2017,Jake,Chris Hogan,1329,id:1329,WR,1,,5,BE,13,New England Patriots,Monmouth,75.6,54,231,sheet
2017,Jake,Tyrell Williams,2583,id:2583,WR,1,,6,BE,14,Los Angeles Chargers,Western Oregon,94.8,39,231,sheet
2017,Jake,Golden Tate,642,id:642,WR,1,,7,BE,15,Detroit Lions,Notre Dame,132.5,19,231,sheet
2017,Joe,Colts,,def:Colts,DEF,1,,1,D/ST,7,Indianapolis Colts,,79.0,27,32,sheet
2017,Joe,Matt Bryant,127,id:127,K,2,,1,K,8,Atlanta Falcons,Baylor,162.0,5,42,sheet
2017,Joe,Aaron Rodgers,96,id:96,QB,35,,1,QB,0,Green Bay Packers,California,129.6,29,92,sheet
2017,Joe,DeMarco Murray,904,id:904,RB,45,,1,RB,1,Tennessee Titans,Oklahoma,132.5,23,156,sheet
2017,Joe,Thomas Rawls,2585,id:2585,RB,5,,2,RB,2,Seattle Seahawks,Central Michigan,23.1,89,156,sheet
2017,Joe,Rob Kelley,3657,id:3657,RB,4,,3,BE,10,Washington Commanders,Tulane,39.2,74,156,sheet
2017,Joe,Doug Martin,1195,id:1195,RB,4,,4,BE,11,Tampa Bay Buccaneers,Boise State,67.0,56,156,sheet
2017,Joe,Ameer Abdullah,2359,id:2359,RB,4,,5,BE,12,Detroit Lions,Nebraska,99.4,40,156,sheet
2017,Joe,Derrick Henry,3198,id:3198,RB,2,,6,BE,14,Tennessee Titans,Alabama,124.0,25,156,sheet
2017,Joe,Jonathan Stewart,218,id:218,RB,2,,7,BE,15,Carolina Panthers,Oregon,109.2,35,156,sheet
2017,Joe,Jimmy Graham,616,id:616,TE,11,,1,TE,5,Seattle Seahawks,Miami (FL),114.0,5,137,sheet
2017,Joe,Dez Bryant,574,id:574,WR,31,,1,WR,3,Dallas Cowboys,Oklahoma State,117.4,24,231,sheet
2017,Joe,Doug Baldwin,988,id:988,WR,20,,2,WR,4,Seattle Seahawks,Stanford,148.3,13,231,sheet
2017,Joe,Demaryius Thomas,560,id:560,WR,15,,3,FLEX,6,Denver Broncos,Georgia Tech,122.9,22,231,sheet
2017,Joe,Davante Adams,2133,id:2133,WR,15,,4,BE,9,Green Bay Packers,Fresno State,148.5,12,231,sheet
2017,Joe,Jarvis Landry,1825,id:1825,WR,4,,5,BE,13,Miami Dolphins,LSU,148.0,14,231,sheet
2017,Oleg,Broncos,,def:Broncos,DEF,3,,1,D/ST,7,Denver Broncos,,104.0,21,32,sheet
2017,Oleg,Vikings,,def:Vikings,DEF,2,,2,BE,15,Minnesota Vikings,,117.0,15,32,sheet
2017,Oleg,Adam Vinatieri,,name:adam vinatieri|K,K,2,,1,K,8,Indianapolis Colts,South Dakota State,,,,sheet
2017,Oleg,Matt Ryan,24,id:24,QB,9,,1,QB,0,Atlanta Falcons,Boston College,228.1,15,92,sheet
2017,Oleg,Dak Prescott,3294,id:3294,QB,5,,2,BE,13,Dallas Cowboys,Mississippi State,260.7,11,92,sheet
2017,Oleg,Devonta Freeman,2168,id:2168,RB,68,,1,RB,1,Atlanta Falcons,Florida State,164.2,13,156,sheet
2017,Oleg,Joe Mixon,4018,id:4018,RB,13,,2,RB,2,Cincinnati Bengals,Oklahoma,111.3,32,156,sheet
2017,Oleg,Eddie Lacy,1527,id:1527,RB,8,,3,BE,10,Seattle Seahawks,Alabama,22.6,90,156,sheet
2017,Oleg,Tevin Coleman,2378,id:2378,RB,6,,4,BE,12,Atlanta Falcons,Indiana,140.7,22,156,sheet
2017,Oleg,Frank Gore,232,id:232,RB,5,,5,BE,14,Indianapolis Colts,Miami (FL),144.6,18,156,sheet
2017,Oleg,Tyler Eifert,1388,id:1388,TE,5,,1,TE,5,Cincinnati Bengals,Notre Dame,4.6,95,137,sheet
2017,Oleg,T.Y. Hilton,1110,id:1110,WR,25,,1,WR,3,Indianapolis Colts,Florida International,118.6,23,231,sheet
2017,Oleg,Kelvin Benjamin,2182,id:2182,WR,18,,2,WR,4,Buffalo Bills,Florida State,87.2,45,231,sheet
2017,Oleg,Alshon Jeffery,1149,id:1149,WR,15,,3,FLEX,6,Philadelphia Eagles,South Carolina,138.9,16,231,sheet
2017,Oleg,Michael Crabtree,455,id:455,WR,9,,4,BE,9,Las Vegas Raiders,Texas Tech,113.8,27,231,sheet
2017,Oleg,Martavis Bryant,1916,id:1916,WR,7,,5,BE,11,Pittsburgh Steelers,Clemson,82.5,50,231,sheet
2017,Rohaan,Panthers,,def:Panthers,DEF,2,,1,D/ST,7,Carolina Panthers,,132.0,10,32,sheet
2017,Rohaan,Justin Tucker,1264,id:1264,K,2,,1,K,8,Baltimore Ravens,Texas,162.0,6,42,sheet
2017,Rohaan,Drew Brees,289,id:289,QB,17,,1,QB,0,New Orleans Saints,Purdue,262.6,9,92,sheet
2017,Rohaan,Andrew Luck,1111,id:1111,QB,1,,2,BE,12,Indianapolis Colts,Stanford,0.0,73,92,sheet
2017,Rohaan,Melvin Gordon,2320,id:2320,RB,69,,1,RB,1,Los Angeles Chargers,Wisconsin,230.1,5,156,sheet
2017,Rohaan,Dalvin Cook,4029,id:4029,RB,27,,2,RB,2,Minnesota Vikings,Florida State,54.4,66,156,sheet
2017,Rohaan,Mike Gillislee,1353,id:1353,RB,10,,3,FLEX,6,New England Patriots,Florida,67.8,55,156,sheet
2017,Rohaan,Adrian Peterson,184,id:184,RB,7,,4,BE,9,Arizona Cardinals,Oklahoma,67.9,54,156,sheet
2017,Rohaan,Latavius Murray,1476,id:1476,RB,1,,5,BE,13,Minnesota Vikings,UCF,142.5,20,156,sheet
2017,Rohaan,Travis Kelce,1466,id:1466,TE,12,,1,TE,5,Kansas City Chiefs,Cincinnati,150.5,2,137,sheet
2017,Rohaan,Brandin Cooks,2197,id:2197,WR,38,,1,WR,3,New England Patriots,Oregon State,156.2,7,231,sheet
2017,Rohaan,Sammy Watkins,1817,id:1817,WR,7,,2,WR,4,Los Angeles Rams,Clemson,107.3,33,231,sheet
2017,Rohaan,DeSean Jackson,147,id:147,WR,3,,3,BE,10,Tampa Bay Buccaneers,California,88.6,44,231,sheet
2017,Rohaan,Jamison Crowder,2410,id:2410,WR,2,,4,BE,11,Washington Commanders,Duke,94.3,40,231,sheet
2017,Rohaan,Eric Decker,558,id:558,WR,1,,5,BE,14,Tennessee Titans,Minnesota,62.3,65,231,sheet
2017,Rohaan,Randall Cobb,928,id:928,WR,1,,6,BE,15,Green Bay Packers,Kentucky,93.4,41,231,sheet
2017,Ryan,Falcons,,def:Falcons,DEF,1,,1,D/ST,7,Atlanta Falcons,,103.0,22,32,sheet
2017,Ryan,Matt Prater,17,id:17,K,1,,1,K,8,Detroit Lions,UCF,151.0,10,42,sheet
2017,Ryan,Tom Brady,167,id:167,QB,16,,1,QB,0,New England Patriots,Michigan,295.9,3,92,sheet
2017,Ryan,LeSean McCoy,676,id:676,RB,64,,1,RB,1,Buffalo Bills,Pittsburgh,204.6,7,156,sheet
2017,Ryan,Charles Sims,2223,id:2223,RB,1,,2,RB,2,Tampa Bay Buccaneers,West Virginia,38.4,76,156,sheet
2017,Ryan,Giovani Bernard,1386,id:1386,RB,1,,3,FLEX,6,Cincinnati Bengals,North Carolina,108.7,36,156,sheet
2017,Ryan,Dion Lewis,788,id:788,RB,1,,4,BE,9,New England Patriots,Pittsburgh,171.0,12,156,sheet
2017,Ryan,Chris Thompson,1502,id:1502,RB,1,,5,BE,10,Washington Commanders,Florida State,112.4,31,156,sheet
2017,Ryan,Zach Ertz,1339,id:1339,TE,1,,1,TE,5,Philadelphia Eagles,Stanford,128.4,4,137,sheet
2017,Ryan,Odell Beckham,2078,id:2078,WR,60,,1,WR,3,New York Giants,LSU,49.0,79,231,sheet
2017,Ryan,Jordy Nelson,175,id:175,WR,48,,2,WR,4,Green Bay Packers,Kansas State,84.2,49,231,sheet
2017,Ryan,Jermaine Kearse,1290,id:1290,WR,1,,3,BE,11,New York Jets,Washington,111.0,29,231,sheet
2017,Ryan,Donte Moncrief,1971,id:1971,WR,1,,4,BE,12,Indianapolis Colts,Ole Miss,51.1,75,231,sheet
2017,Ryan,Adam Thielen,1689,id:1689,WR,1,,5,BE,13,Minnesota Vikings,Minnesota State,148.7,11,231,sheet
2017,Ryan,John Brown,2238,id:2238,WR,1,,6,BE,14,Arizona Cardinals,Pittsburg State,48.9,80,231,sheet
2017,Ryan,Corey Davis,4036,id:4036,WR,1,,7,BE,15,Tennessee Titans,Western Michigan,35.5,100,231,sheet
2017,Steven,Seahawks,,def:Seahawks,DEF,2,,1,D/ST,7,Seattle Seahawks,,138.0,8,32,sheet
2017,Steven,Stephen Gostkowski,110,id:110,K,3,,1,K,8,New England Patriots,Memphis,172.0,2,42,sheet
2017,Steven,Kirk Cousins,1166,id:1166,QB,3,,1,QB,0,Washington Commanders,Michigan State,277.6,6,92,sheet
2017,Steven,Jameis Winston,2306,id:2306,QB,2,,2,BE,9,Tampa Bay Buccaneers,Florida State,201.7,22,92,sheet
2017,Steven,Ezekiel Elliott,3164,id:3164,RB,54,,1,RB,1,Dallas Cowboys,Ohio State,177.2,9,156,sheet
2017,Steven,Leonard Fournette,3969,id:3969,RB,44,,2,RB,2,Jacksonville Jaguars,LSU,194.2,8,156,sheet
2017,Steven,Mark Ingram,956,id:956,RB,21,,3,FLEX,6,New Orleans Saints,Alabama,220.0,6,156,sheet
2017,Steven,Paul Perkins,3211,id:3211,RB,2,,4,BE,10,New York Giants,UCLA,13.6,100,156,sheet
2017,Steven,Matt Forte,103,id:103,RB,1,,5,BE,12,New York Jets,Tulane,83.4,43,156,sheet
2017,Steven,Jeremy Hill,1892,id:1892,RB,1,,6,BE,13,Cincinnati Bengals,LSU,13.2,101,156,sheet
2017,Steven,Jordan Reed,1500,id:1500,TE,12,,1,TE,5,Washington Commanders,Florida,33.1,44,137,sheet
2017,Steven,A.J. Green,830,id:830,WR,48,,1,WR,3,Cincinnati Bengals,Georgia,151.8,10,231,sheet
2017,Steven,Marvin Jones,1067,id:1067,WR,3,,2,WR,4,Detroit Lions,California,164.1,5,231,sheet
2017,Steven,Stefon Diggs,2449,id:2449,WR,2,,3,BE,11,Minnesota Vikings,Maryland,134.2,18,231,sheet
2017,Steven,Kenny Britt,366,id:366,WR,1,,4,BE,14,New England Patriots,Rutgers,37.6,97,231,sheet
2017,Steven,Zay Jones,4080,id:4080,WR,1,,5,BE,15,Buffalo Bills,East Carolina,43.6,86,231,sheet
2017,Tommy,Texans,,def:Texans,DEF,2,,1,D/ST,7,Houston Texans,,78.0,28,32,sheet
2017,Tommy,Wil Lutz,3678,id:3678,K,1,,1,K,8,New Orleans Saints,Georgia State,171.4,3,42,sheet
2017,Tommy,Marcus Mariota,2307,id:2307,QB,1,,1,QB,0,Tennessee Titans,Oregon,210.5,18,92,sheet
2017,Tommy,Todd Gurley,2315,id:2315,RB,44,,1,RB,1,Los Angeles Rams,Georgia,319.3,1,156,sheet
2017,Tommy,Isaiah Crowell,1901,id:1901,RB,39,,2,RB,2,Cleveland Browns,Alabama State,115.5,30,156,sheet
2017,Tommy,Kareem Hunt,4098,id:4098,RB,30,,3,FLEX,6,Kansas City Chiefs,Toledo,242.2,3,156,sheet
2017,Tommy,Jamaal Williams,4149,id:4149,RB,3,,4,BE,10,Green Bay Packers,BYU,117.8,29,156,sheet
2017,Tommy,Charcandrick West,2024,id:2024,RB,1,,5,BE,11,Kansas City Chiefs,Abilene Christian,46.2,70,156,sheet
2017,Tommy,James White,1848,id:1848,RB,1,,6,BE,12,New England Patriots,Wisconsin,78.0,48,156,sheet
2017,Tommy,Kyle Rudolph,943,id:943,TE,1,,1,TE,5,Minnesota Vikings,Notre Dame,101.2,7,137,sheet
2017,Tommy,Michael Thomas,3199,id:3199,WR,40,,1,WR,3,New Orleans Saints,Ohio State,154.5,8,231,sheet
2017,Tommy,Amari Cooper,2309,id:2309,WR,28,,2,WR,4,Las Vegas Raiders,Alabama,110.4,30,231,sheet
2017,Tommy,Tyreek Hill,3321,id:3321,WR,6,,3,BE,9,Kansas City Chiefs,West Alabama,170.2,4,231,sheet
2017,Tommy,Taylor Gabriel,1903,id:1903,WR,1,,4,BE,13,Atlanta Falcons,Abilene Christian,48.7,81,231,sheet
2017,Tommy,Corey Coleman,3177,id:3177,WR,1,,5,BE,14,Cleveland Browns,Baylor,42.5,88,231,sheet
2017,Tommy,Mike Wallace,365,id:365,WR,1,,6,BE,15,Baltimore Ravens,Ole Miss,99.2,37,231,sheet
2018,Aidan,Texans,,def:Texans,DEF,2,,1,D/ST,7,Houston Texans,,148.0,2,32,sheet
2018,Aidan,Graham Gano,503,id:503,K,1,,1,K,8,Carolina Panthers,Florida State,82.0,30,40,sheet
2018,Aidan,Russell Wilson,1234,id:1234,QB,11,,1,QB,0,Seattle Seahawks,Wisconsin,298.4,9,94,sheet
2018,Aidan,Jimmy Garoppolo,1837,id:1837,QB,1,,2,BE,12,San Francisco 49ers,Eastern Illinois,48.0,40,94,sheet
2018,Aidan,Melvin Gordon,2320,id:2320,RB,59,,1,RB,1,Los Angeles Chargers,Wisconsin,225.5,6,153,sheet
2018,Aidan,Royce Freeman,5046,id:5046,RB,21,,2,RB,2,Denver Broncos,Oregon,87.3,47,153,sheet
2018,Aidan,Austin Ekeler,4663,id:4663,RB,1,,3,BE,13,Los Angeles Chargers,Western Colorado,129.8,27,153,sheet
2018,Aidan,Rex Burkhead,1387,id:1387,RB,1,,4,BE,14,New England Patriots,Nebraska,35.7,80,153,sheet
2018,Aidan,Ronald Jones,5052,id:5052,RB,1,,5,BE,15,Tampa Bay Buccaneers,USC,13.7,95,153,sheet
2018,Aidan,Kyle Rudolph,943,id:943,TE,2,,1,TE,5,Minnesota Vikings,Notre Dame,87.4,9,144,sheet
2018,Aidan,Julio Jones,947,id:947,WR,50,,1,WR,3,Atlanta Falcons,Alabama,212.9,5,246,sheet
2018,Aidan,Chris Hogan,1329,id:1329,WR,23,,2,WR,4,New England Patriots,Monmouth,71.2,69,246,sheet
2018,Aidan,Larry Fitzgerald,223,id:223,WR,17,,3,FLEX,6,Arizona Cardinals,Pittsburgh,116.7,28,246,sheet
2018,Aidan,Michael Crabtree,455,id:455,WR,4,,4,BE,9,Baltimore Ravens,Texas Tech,78.7,59,246,sheet
2018,Aidan,JuJu Smith-Schuster,4040,id:4040,WR,4,,5,BE,10,Pittsburgh Steelers,USC,185.9,9,246,sheet
2018,Aidan,Sammy Watkins,1817,id:1817,WR,2,,6,BE,11,Kansas City Chiefs,Clemson,75.1,61,246,sheet
2018,Ankit,Jaguars,,def:Jaguars,DEF,3,,1,D/ST,7,Jacksonville Jaguars,,114.0,15,32,sheet
2018,Ankit,Vikings,,def:Vikings,DEF,3,,2,BE,11,Minnesota Vikings,,115.0,13,32,sheet
2018,Ankit,Stephen Gostkowski,110,id:110,K,3,,1,K,8,New England Patriots,Memphis,138.0,10,40,sheet
2018,Ankit,Aaron Rodgers,96,id:96,QB,22,,1,QB,0,Green Bay Packers,California,312.6,6,94,sheet
2018,Ankit,Deshaun Watson,4017,id:4017,QB,13,,2,BE,10,Houston Texans,Clemson,331.7,4,94,sheet
2018,Ankit,LeSean McCoy,676,id:676,RB,25,,1,RB,1,Buffalo Bills,Pittsburgh,93.2,40,153,sheet
2018,Ankit,Joe Mixon,4018,id:4018,RB,20,,2,RB,2,Cincinnati Bengals,Oklahoma,200.4,9,153,sheet
2018,Ankit,Derrick Henry,3198,id:3198,RB,14,,3,FLEX,6,Tennessee Titans,Alabama,186.4,13,153,sheet
2018,Ankit,James White,1848,id:1848,RB,1,,4,BE,12,New England Patriots,Wisconsin,189.6,11,153,sheet
2018,Ankit,Nick Chubb,4988,id:4988,RB,1,,5,BE,13,Cleveland Browns,Georgia,174.5,15,153,sheet
2018,Ankit,Sony Michel,4962,id:4962,RB,1,,6,BE,14,New England Patriots,Georgia,132.1,25,153,sheet
2018,Ankit,Rashaad Penny,4985,id:4985,RB,1,,7,BE,15,Seattle Seahawks,San Diego State,61.4,60,153,sheet
2018,Ankit,Rob Gronkowski,515,id:515,TE,35,,1,TE,5,New England Patriots,Arizona,84.2,11,144,sheet
2018,Ankit,Travis Kelce,1466,id:1466,TE,22,,2,BE,9,Kansas City Chiefs,Cincinnati,191.6,1,144,sheet
2018,Ankit,Adam Thielen,1689,id:1689,WR,19,,1,WR,3,Minnesota Vikings,Minnesota State,194.3,7,246,sheet
2018,Ankit,Allen Robinson,1992,id:1992,WR,12,,2,WR,4,Chicago Bears,Penn State,98.3,41,246,sheet
2018,Ben,Cardinals,,def:Cardinals,DEF,1,,1,D/ST,7,Arizona Cardinals,,87.0,25,32,sheet
2018,Ben,Chris Boswell,1945,id:1945,K,1,,1,K,8,Pittsburgh Steelers,Rice,93.1,25,40,sheet
2018,Ben,Kirk Cousins,1166,id:1166,QB,2,,1,QB,0,Minnesota Vikings,Michigan State,282.1,13,94,sheet
2018,Ben,Lamar Miller,1048,id:1048,RB,19,,1,RB,1,Houston Texans,Miami (FL),147.6,22,153,sheet
2018,Ben,Chris Carson,4273,id:4273,RB,7,,2,RB,2,Seattle Seahawks,Oklahoma State,181.4,14,153,sheet
2018,Ben,Tarik Cohen,4157,id:4157,RB,7,,3,BE,9,Chicago Bears,North Carolina A&T,162.9,17,153,sheet
2018,Ben,Peyton Barber,3594,id:3594,RB,2,,4,BE,10,Tampa Bay Buccaneers,Auburn,130.3,26,153,sheet
2018,Ben,Bilal Powell,818,id:818,RB,1,,5,BE,12,New York Jets,Louisville,49.3,70,153,sheet
2018,Ben,Chris Thompson,1502,id:1502,RB,1,,6,BE,13,Washington Commanders,Florida State,50.6,67,153,sheet
2018,Ben,C.J. Anderson,1451,id:1451,RB,1,,7,BE,14,Los Angeles Rams,California,62.4,59,153,sheet
2018,Ben,Zach Ertz,1339,id:1339,TE,16,,1,TE,5,Philadelphia Eagles,Stanford,164.3,3,144,sheet
2018,Ben,Antonio Brown,536,id:536,WR,63,,1,WR,3,Pittsburgh Steelers,Central Michigan,219.7,2,246,sheet
2018,Ben,Odell Beckham,2078,id:2078,WR,52,,2,WR,4,New York Giants,LSU,153.3,16,246,sheet
2018,Ben,Josh Gordon,1244,id:1244,WR,24,,3,FLEX,6,New England Patriots,Baylor,97.7,43,246,sheet
2018,Ben,Devin Funchess,2346,id:2346,WR,2,,4,BE,11,Carolina Panthers,Michigan,78.9,14,144,sheet
2018,Ben,Josh Doctson,3178,id:3178,WR,1,,5,BE,15,Washington Commanders,TCU,65.2,73,246,sheet
2018,Jake,Chargers,,def:Chargers,DEF,1,,1,D/ST,7,Los Angeles Chargers,,109.0,17,32,sheet
2018,Jake,Matt Bryant,127,id:127,K,1,,1,K,8,Atlanta Falcons,Baylor,111.0,19,40,sheet
2018,Jake,Drew Brees,289,id:289,QB,2,,1,QB,0,New Orleans Saints,Purdue,304.0,8,94,sheet
2018,Jake,Devonta Freeman,2168,id:2168,RB,47,,1,RB,1,Atlanta Falcons,Florida State,9.1,103,153,sheet
2018,Jake,Tevin Coleman,2378,id:2378,RB,7,,2,RB,2,Atlanta Falcons,Indiana,161.6,18,153,sheet
2018,Jake,Marshawn Lynch,745,id:745,RB,6,,3,BE,10,Las Vegas Raiders,California,64.0,57,153,sheet
2018,Jake,Dion Lewis,788,id:788,RB,5,,4,BE,12,Tennessee Titans,Pittsburgh,101.7,36,153,sheet
2018,Jake,Ty Montgomery,2399,id:2399,RB,4,,5,BE,14,Baltimore Ravens,Stanford,46.3,72,153,sheet
2018,Jake,Adrian Peterson,184,id:184,RB,3,,6,BE,15,Washington Commanders,Oklahoma,169.0,16,153,sheet
2018,Jake,Greg Olsen,58,id:58,TE,7,,1,TE,5,Carolina Panthers,Miami (FL),53.1,24,144,sheet
2018,Jake,Michael Thomas,3199,id:3199,WR,50,,1,WR,3,New Orleans Saints,Ohio State,190.5,8,246,sheet
2018,Jake,T.Y. Hilton,1110,id:1110,WR,21,,2,WR,4,Indianapolis Colts,Florida International,163.0,15,246,sheet
2018,Jake,Stefon Diggs,2449,id:2449,WR,20,,3,FLEX,6,Minnesota Vikings,Maryland,164.3,12,246,sheet
2018,Jake,Amari Cooper,2309,id:2309,WR,15,,4,BE,9,Dallas Cowboys,Alabama,140.5,19,246,sheet
2018,Jake,Marquise Goodwin,1346,id:1346,WR,6,,5,BE,11,San Francisco 49ers,Texas,64.4,75,246,sheet
2018,Jake,Marvin Jones,1067,id:1067,WR,5,,6,BE,13,Detroit Lions,California,80.8,56,246,sheet
2018,Joe,Ravens,,def:Ravens,DEF,1,,1,D/ST,7,Baltimore Ravens,,129.0,6,32,sheet
2018,Joe,Justin Tucker,1264,id:1264,K,2,,1,K,8,Baltimore Ravens,Texas,160.0,2,40,sheet
2018,Joe,Tom Brady,167,id:167,QB,13,,1,QB,0,New England Patriots,Michigan,280.3,14,94,sheet
2018,Joe,Matt Ryan,24,id:24,QB,1,,2,BE,10,Atlanta Falcons,Boston College,354.0,2,94,sheet
2018,Joe,Leonard Fournette,3969,id:3969,RB,67,,1,RB,1,Jacksonville Jaguars,LSU,98.4,37,153,sheet
2018,Joe,Kareem Hunt,4098,id:4098,RB,66,,2,RB,2,Kansas City Chiefs,Toledo,204.2,8,153,sheet
2018,Joe,Carlos Hyde,2257,id:2257,RB,6,,3,FLEX,6,Jacksonville Jaguars,Ohio State,88.4,44,153,sheet
2018,Joe,Jimmy Graham,616,id:616,TE,5,,1,TE,5,Green Bay Packers,Miami (FL),75.6,15,144,sheet
2018,Joe,Jordan Reed,1500,id:1500,TE,1,,2,BE,11,Washington Commanders,Florida,65.8,18,144,sheet
2018,Joe,Tyler Eifert,1388,id:1388,TE,1,,3,BE,12,Cincinnati Bengals,Notre Dame,23.9,57,144,sheet
2018,Joe,Mike Evans,2216,id:2216,WR,28,,1,WR,3,Tampa Bay Buccaneers,Texas A&M,198.4,6,246,sheet
2018,Joe,Alshon Jeffery,1149,id:1149,WR,3,,2,WR,4,Philadelphia Eagles,South Carolina,120.3,26,246,sheet
2018,Joe,Pierre Garcon,269,id:269,WR,3,,3,BE,9,San Francisco 49ers,Mount Union,34.6,108,246,sheet
2018,Joe,Cordarrelle Patterson,1535,id:1535,WR,1,,4,BE,13,New England Patriots,Tennessee,75.5,52,153,sheet
2018,Joe,Donte Moncrief,1971,id:1971,WR,1,,5,BE,14,Jacksonville Jaguars,Ole Miss,82.8,55,246,sheet
2018,Joe,Kenny Golladay,4131,id:4131,WR,1,,6,BE,15,Detroit Lions,Northern Illinois,137.1,21,246,sheet
2018,Oleg,Saints,,def:Saints,DEF,1,,1,D/ST,7,New Orleans Saints,,112.0,16,32,sheet
2018,Oleg,Matt Prater,17,id:17,K,1,,1,K,8,Detroit Lions,UCF,129.3,11,40,sheet
2018,Oleg,Andrew Luck,1111,id:1111,QB,5,,1,QB,0,Indianapolis Colts,Stanford,326.9,5,94,sheet
2018,Oleg,Saquon Barkley,4866,id:4866,RB,62,,1,RB,1,New York Giants,Penn State,294.8,2,153,sheet
2018,Oleg,Alex Collins,3327,id:3327,RB,19,,2,RB,2,Baltimore Ravens,Arkansas,93.6,39,153,sheet
2018,Oleg,Jay Ajayi,2452,id:2452,RB,13,,3,FLEX,6,Philadelphia Eagles,Boise State,38.4,79,153,sheet
2018,Oleg,Kerryon Johnson,5068,id:5068,RB,4,,4,BE,10,Detroit Lions,Auburn,107.4,33,153,sheet
2018,Oleg,Aaron Jones,4199,id:4199,RB,2,,5,BE,13,Green Bay Packers,UTEP,145.4,23,153,sheet
2018,Oleg,Evan Engram,4066,id:4066,TE,4,,1,TE,5,New York Giants,Ole Miss,81.3,13,144,sheet
2018,Oleg,DeAndre Hopkins,1426,id:1426,WR,61,,1,WR,3,Houston Texans,Clemson,218.5,4,246,sheet
2018,Oleg,Doug Baldwin,988,id:988,WR,11,,2,WR,4,Seattle Seahawks,Stanford,91.8,50,246,sheet
2018,Oleg,Jarvis Landry,1825,id:1825,WR,9,,3,BE,9,Cleveland Browns,LSU,136.1,22,246,sheet
2018,Oleg,Julian Edelman,344,id:344,WR,3,,4,BE,11,New England Patriots,Kent State,133.4,23,246,sheet
2018,Oleg,Kenny Stills,1555,id:1555,WR,3,,5,BE,12,Miami Dolphins,Oklahoma,97.4,45,246,sheet
2018,Oleg,Robbie Chosen,3423,id:3423,WR,1,,6,BE,14,New York Jets,Temple,106.4,36,246,sheet
2018,Oleg,Sterling Shepard,3200,id:3200,WR,1,,7,BE,15,New York Giants,Oklahoma,116.5,29,246,sheet
2018,Rohaan,Eagles,,def:Eagles,DEF,3,,1,D/ST,7,Philadelphia Eagles,,96.0,23,32,sheet
2018,Rohaan,Adam Vinatieri,,name:adam vinatieri|K,K,1,,1,K,8,Indianapolis Colts,South Dakota State,,,,sheet
2018,Rohaan,Cam Newton,954,id:954,QB,8,,1,QB,0,Carolina Panthers,Auburn,282.6,12,94,sheet
2018,Rohaan,Mitchell Trubisky,3976,id:3976,QB,1,,2,BE,9,Chicago Bears,North Carolina,263.0,15,94,sheet
2018,Rohaan,Alvin Kamara,4035,id:4035,RB,61,,1,RB,1,New Orleans Saints,Tennessee,273.2,4,153,sheet
2018,Rohaan,Dalvin Cook,4029,id:4029,RB,55,,2,RB,2,Minnesota Vikings,Florida State,112.0,31,153,sheet
2018,Rohaan,Jerick McKinnon,2161,id:2161,RB,19,,3,FLEX,6,San Francisco 49ers,Georgia Southern,,,,sheet
2018,Rohaan,Latavius Murray,1476,id:1476,RB,1,,4,BE,10,Minnesota Vikings,UCF,109.9,32,153,sheet
2018,Rohaan,Doug Martin,1195,id:1195,RB,1,,5,BE,11,Las Vegas Raiders,Boise State,101.9,35,153,sheet
2018,Rohaan,Jeremy Hill,1892,id:1892,RB,1,,6,BE,12,New England Patriots,LSU,3.1,120,153,sheet
2018,Rohaan,David Njoku,4033,id:4033,TE,2,,1,TE,5,Cleveland Browns,Miami (FL),87.9,8,144,sheet
2018,Rohaan,A.J. Green,830,id:830,WR,39,,1,WR,3,Cincinnati Bengals,Georgia,103.4,37,246,sheet
2018,Rohaan,William Fuller,3157,id:3157,WR,5,,2,WR,4,Houston Texans,Notre Dame,74.3,63,246,sheet
2018,Rohaan,Golden Tate,642,id:642,WR,1,,3,BE,13,Philadelphia Eagles,Notre Dame,108.9,35,246,sheet
2018,Rohaan,Cooper Kupp,4039,id:4039,WR,1,,4,BE,14,Los Angeles Rams,Eastern Washington,95.1,47,246,sheet
2018,Rohaan,Cameron Meredith,2699,id:2699,WR,1,,5,BE,15,New Orleans Saints,Illinois State,15.4,148,246,sheet
2018,Ryan,Titans,,def:Titans,DEF,1,,1,D/ST,7,Tennessee Titans,,118.0,9,32,sheet
2018,Ryan,Wil Lutz,3678,id:3678,K,1,,1,K,8,New Orleans Saints,Georgia State,154.0,3,40,sheet
2018,Ryan,Carson Wentz,3161,id:3161,QB,4,,1,QB,0,Philadelphia Eagles,North Dakota State,192.7,23,94,sheet
2018,Ryan,Alex Smith,268,id:268,QB,1,,2,BE,9,Washington Commanders,Utah,138.0,31,94,sheet
2018,Ryan,Le'Veon Bell,1408,id:1408,RB,69,,1,RB,1,Pittsburgh Steelers,Michigan State,,,,sheet
2018,Ryan,Christian McCaffrey,4034,id:4034,RB,46,,2,RB,2,Carolina Panthers,Stanford,278.5,3,153,sheet
2018,Ryan,Jamaal Williams,4149,id:4149,RB,2,,3,FLEX,6,Green Bay Packers,BYU,87.4,46,153,sheet
2018,Ryan,Jordan Wilkins,5100,id:5100,RB,1,,4,BE,10,Indianapolis Colts,Ole Miss,44.1,77,153,sheet
2018,Ryan,Duke Johnson,2382,id:2382,RB,1,,5,BE,11,Cleveland Browns,Miami (FL),85.0,48,153,sheet
2018,Ryan,Delanie Walker,284,id:284,TE,1,,1,TE,5,Tennessee Titans,Central Missouri,5.2,98,144,sheet
2018,Ryan,Keenan Allen,1479,id:1479,WR,48,,1,WR,3,Los Angeles Chargers,California,163.1,14,246,sheet
2018,Ryan,Tyreek Hill,3321,id:3321,WR,21,,2,WR,4,Kansas City Chiefs,West Alabama,247.0,1,246,sheet
2018,Ryan,Jamison Crowder,2410,id:2410,WR,1,,3,BE,12,Washington Commanders,Duke,53.8,81,246,sheet
2018,Ryan,Nelson Agholor,2325,id:2325,WR,1,,4,BE,13,Philadelphia Eagles,USC,101.4,40,246,sheet
2018,Ryan,Randall Cobb,928,id:928,WR,1,,5,BE,14,Green Bay Packers,Kentucky,48.3,90,246,sheet
2018,Ryan,Tyler Lockett,2374,id:2374,WR,1,,6,BE,15,Seattle Seahawks,Kansas State,165.4,11,246,sheet
2018,Steven,Broncos,,def:Broncos,DEF,2,,1,D/ST,7,Denver Broncos,,129.0,7,32,sheet
2018,Steven,Jake Elliott,4195,id:4195,K,2,,1,K,8,Philadelphia Eagles,Memphis,122.0,15,40,sheet
2018,Steven,Ben Roethlisberger,138,id:138,QB,1,,1,QB,0,Pittsburgh Steelers,Miami (OH),340.9,3,94,sheet
2018,Steven,David Johnson,2391,id:2391,RB,80,,1,RB,1,Arizona Cardinals,Northern Iowa,196.6,10,153,sheet
2018,Steven,Ezekiel Elliott,3164,id:3164,RB,71,,2,RB,2,Dallas Cowboys,Ohio State,252.1,5,153,sheet
2018,Steven,Mark Ingram,956,id:956,RB,11,,3,FLEX,6,New Orleans Saints,Alabama,121.5,28,153,sheet
2018,Steven,Marlon Mack,4152,id:4152,RB,1,,4,BE,10,Indianapolis Colts,South Florida,161.1,19,153,sheet
2018,Steven,Jack Doyle,1706,id:1706,TE,1,,1,TE,5,Indianapolis Colts,Western Kentucky,34.5,38,144,sheet
2018,Steven,Brandin Cooks,2197,id:2197,WR,15,,1,WR,3,Los Angeles Rams,Oregon State,163.2,13,246,sheet
2018,Steven,Demaryius Thomas,560,id:560,WR,6,,2,WR,4,Houston Texans,Georgia Tech,97.7,44,246,sheet
2018,Steven,Isaiah Crowell,1901,id:1901,WR,5,,3,BE,9,New York Jets,Alabama State,119.7,29,153,sheet
2018,Steven,J.J. Nelson,2462,id:2462,WR,1,,4,BE,11,Arizona Cardinals,UAB,6.4,163,246,sheet
2018,Steven,Kelvin Benjamin,2182,id:2182,WR,1,,5,BE,12,Kansas City Chiefs,Florida State,44.0,94,246,sheet
2018,Steven,Allen Hurns,1984,id:1984,WR,1,,6,BE,13,Dallas Cowboys,Miami (FL),41.5,97,246,sheet
2018,Steven,Keelan Cole,4622,id:4622,WR,1,,7,BE,14,Jacksonville Jaguars,Kentucky Wesleyan,51.1,85,246,sheet
2018,Steven,DeSean Jackson,147,id:147,WR,1,,8,BE,15,Tampa Bay Buccaneers,California,110.3,33,246,sheet
2018,Tommy,Rams,,def:Rams,DEF,2,,1,D/ST,7,Los Angeles Rams,,145.0,3,32,sheet
2018,Tommy,Greg Zuerlein,1266,id:1266,K,3,,1,K,8,Los Angeles Rams,Missouri Western,128.0,13,40,sheet
2018,Tommy,Patrick Mahomes,4046,id:4046,QB,1,,1,QB,0,Kansas City Chiefs,Texas Tech,417.1,1,94,sheet
2018,Tommy,Matthew Stafford,421,id:421,QB,1,,2,BE,9,Detroit Lions,Georgia,212.2,20,94,sheet
2018,Tommy,Todd Gurley,2315,id:2315,RB,78,,1,RB,1,Los Angeles Rams,Georgia,313.1,1,153,sheet
2018,Tommy,Jordan Howard,3306,id:3306,RB,35,,2,RB,2,Chicago Bears,Indiana,160.0,20,153,sheet
2018,Tommy,Kenyan Drake,3242,id:3242,RB,20,,3,FLEX,6,Miami Dolphins,Alabama,153.2,21,153,sheet
2018,Tommy,LeGarrette Blount,730,id:730,RB,1,,4,BE,10,Detroit Lions,Oregon,76.5,50,153,sheet
2018,Tommy,Rob Kelley,3657,id:3657,RB,1,,5,BE,11,Washington Commanders,Tulane,0.8,134,153,sheet
2018,Tommy,Trey Burton,1793,id:1793,TE,1,,1,TE,5,Chicago Bears,Florida,93.1,6,144,sheet
2018,Tommy,Davante Adams,2133,id:2133,WR,46,,1,WR,3,Green Bay Packers,Fresno State,218.6,3,246,sheet
2018,Tommy,Emmanuel Sanders,538,id:538,WR,7,,2,WR,4,Denver Broncos,SMU,127.2,24,246,sheet
2018,Tommy,Robert Woods,1352,id:1352,WR,1,,3,BE,12,Los Angeles Rams,USC,179.6,10,246,sheet
2018,Tommy,John Ross,4038,id:4038,WR,1,,4,BE,13,Cincinnati Bengals,Washington,63.9,77,246,sheet
2018,Tommy,Corey Davis,4036,id:4036,WR,1,,5,BE,14,Tennessee Titans,Western Michigan,118.6,27,246,sheet
2018,Tommy,Chris Godwin,4037,id:4037,WR,1,,6,BE,15,Tampa Bay Buccaneers,Penn State,126.2,25,246,sheet
2019,Aidan,Broncos,,def:Broncos,DEF,1,,1,D/ST,7,Denver Broncos,,101.0,19,32,sheet
2019,Aidan,Ka'imi Fairbairn,3451,id:3451,K,1,,1,K,8,Houston Texans,UCLA,110.0,20,42,sheet
2019,Aidan,Carson Wentz,3161,id:3161,QB,7,,1,QB,0,Philadelphia Eagles,North Dakota State,275.9,10,93,sheet
2019,Aidan,Jameis Winston,2306,id:2306,QB,1,,2,BE,11,Tampa Bay Buccaneers,Florida State,305.4,5,93,sheet
2019,Aidan,Alvin Kamara,4035,id:4035,RB,70,,1,RB,1,New Orleans Saints,Tennessee,167.5,16,150,sheet
2019,Aidan,David Montgomery,5892,id:5892,RB,31,,2,RB,2,Chicago Bears,Iowa State,145.4,22,150,sheet
2019,Aidan,Chris Carson,4273,id:4273,RB,10,,3,FLEX,6,Seattle Seahawks,Oklahoma State,195.6,9,150,sheet
2019,Aidan,Tarik Cohen,4157,id:4157,RB,2,,4,BE,10,Chicago Bears,North Carolina A&T,84.9,44,150,sheet
2019,Aidan,Ito Smith,5004,id:5004,RB,1,,5,BE,12,Atlanta Falcons,Southern Miss,25.3,84,150,sheet
2019,Aidan,James Washington,5024,id:5024,RB,1,,6,BE,13,Pittsburgh Steelers,Oklahoma State,89.5,51,243,sheet
2019,Aidan,Mike Davis,2431,id:2431,RB,1,,7,BE,14,Carolina Panthers,South Carolina,4.9,113,150,sheet
2019,Aidan,Vance McDonald,1587,id:1587,TE,2,,1,TE,5,Pittsburgh Steelers,Rice,45.5,36,145,sheet
2019,Aidan,Mike Evans,2216,id:2216,WR,41,,1,WR,3,Tampa Bay Buccaneers,Texas A&M,165.7,8,243,sheet
2019,Aidan,Adam Thielen,1689,id:1689,WR,26,,2,WR,4,Minnesota Vikings,Minnesota State,84.4,56,243,sheet
2019,Aidan,Tyler Boyd,3225,id:3225,WR,4,,3,BE,9,Cincinnati Bengals,Pittsburgh,132.9,25,243,sheet
2019,Aidan,Curtis Samuel,4082,id:4082,WR,1,,4,BE,15,Carolina Panthers,Ohio State,117.7,36,243,sheet
2019,Ankit,Cowboys,,def:Cowboys,DEF,1,,1,D/ST,7,Dallas Cowboys,,99.0,20,32,sheet
2019,Ankit,Mason Crosby,59,id:59,K,1,,1,K,8,Green Bay Packers,Colorado,115.0,18,42,sheet
2019,Ankit,Kyler Murray,5849,id:5849,QB,4,,1,QB,0,Arizona Cardinals,Oklahoma,285.3,8,93,sheet
2019,Ankit,Aaron Jones,4199,id:4199,RB,35,,1,RB,1,Green Bay Packers,UTEP,265.8,3,150,sheet
2019,Ankit,Josh Jacobs,5850,id:5850,RB,18,,2,RB,2,Las Vegas Raiders,Alabama,171.6,14,150,sheet
2019,Ankit,Sony Michel,4962,id:4962,RB,16,,3,FLEX,6,New England Patriots,Georgia,140.6,24,150,sheet
2019,Ankit,Tevin Coleman,2378,id:2378,RB,13,,4,BE,9,San Francisco 49ers,Indiana,114.4,32,150,sheet
2019,Ankit,Tony Pollard,5967,id:5967,RB,7,,5,BE,10,Dallas Cowboys,Memphis,74.2,48,150,sheet
2019,Ankit,Miles Sanders,6151,id:6151,RB,5,,6,BE,11,Philadelphia Eagles,Penn State,168.7,15,150,sheet
2019,Ankit,Austin Ekeler,4663,id:4663,RB,3,,7,BE,13,Los Angeles Chargers,Western Colorado,217.0,7,150,sheet
2019,Ankit,Jordan Howard,3306,id:3306,RB,3,,8,BE,14,Philadelphia Eagles,Indiana,101.4,38,150,sheet
2019,Ankit,Evan Engram,4066,id:4066,TE,10,,1,TE,5,New York Giants,Ole Miss,65.4,20,145,sheet
2019,Ankit,Julio Jones,947,id:947,WR,46,,1,WR,3,Atlanta Falcons,Alabama,175.1,5,243,sheet
2019,Ankit,Keenan Allen,1479,id:1479,WR,31,,2,WR,4,Los Angeles Chargers,California,157.5,11,243,sheet
2019,Ankit,Tyler Lockett,2374,id:2374,WR,4,,3,BE,12,Seattle Seahawks,Kansas State,153.2,15,243,sheet
2019,Ankit,William Fuller,3157,id:3157,WR,3,,4,BE,15,Houston Texans,Notre Dame,85.0,53,243,sheet
2019,Ben,Eagles,,def:Eagles,DEF,1,,1,D/ST,7,Philadelphia Eagles,,113.0,15,32,sheet
2019,Ben,Harrison Butker,4227,id:4227,K,2,,1,K,8,Kansas City Chiefs,Georgia Tech,166.0,1,42,sheet
2019,Ben,Ben Roethlisberger,138,id:138,QB,1,,1,QB,0,Pittsburgh Steelers,Miami (OH),12.7,52,93,sheet
2019,Ben,Ezekiel Elliott,3164,id:3164,RB,59,,1,RB,1,Dallas Cowboys,Ohio State,257.7,4,150,sheet
2019,Ben,Leonard Fournette,3969,id:3969,RB,31,,2,RB,2,Jacksonville Jaguars,LSU,183.4,13,150,sheet
2019,Ben,Duke Johnson,2382,id:2382,RB,7,,3,FLEX,6,Houston Texans,Miami (FL),110.0,35,150,sheet
2019,Ben,Jaylen Samuels,5107,id:5107,RB,3,,4,BE,9,Pittsburgh Steelers,NC State,57.4,56,150,sheet
2019,Ben,Devin Singletary,6130,id:6130,RB,1,,5,BE,11,Buffalo Bills,Florida Atlantic,118.9,31,150,sheet
2019,Ben,Rashaad Penny,4985,id:4985,RB,1,,6,BE,12,Seattle Seahawks,San Diego State,67.3,53,150,sheet
2019,Ben,Wayne Gallman,4150,id:4150,RB,1,,7,BE,13,New York Giants,Clemson,37.2,77,150,sheet
2019,Ben,George Kittle,4217,id:4217,TE,30,,1,TE,5,San Francisco 49ers,Iowa,137.5,3,145,sheet
2019,Ben,Davante Adams,2133,id:2133,WR,50,,1,WR,3,Green Bay Packers,Fresno State,129.7,29,243,sheet
2019,Ben,Stefon Diggs,2449,id:2449,WR,9,,2,WR,4,Minnesota Vikings,Maryland,149.1,18,243,sheet
2019,Ben,Allen Robinson,1992,id:1992,WR,2,,3,BE,10,Chicago Bears,Penn State,156.9,12,243,sheet
2019,Ben,Marquez Valdes-Scantling,5086,id:5086,WR,1,,4,BE,14,Green Bay Packers,South Florida,58.1,76,243,sheet
2019,Ben,Courtland Sutton,5045,id:5045,WR,1,,5,BE,15,Denver Broncos,SMU,150.4,17,243,sheet
2019,Jake,Ravens,,def:Ravens,DEF,1,,1,D/ST,7,Baltimore Ravens,,157.0,4,32,sheet
2019,Jake,Robbie Gould,49,id:49,K,1,,1,K,8,San Francisco 49ers,Penn State,116.0,15,42,sheet
2019,Jake,Cam Newton,954,id:954,QB,2,,1,QB,0,Carolina Panthers,Auburn,16.7,50,93,sheet
2019,Jake,Christian McCaffrey,4034,id:4034,RB,63,,1,RB,1,Carolina Panthers,Stanford,355.2,1,150,sheet
2019,Jake,Nick Chubb,4988,id:4988,RB,51,,2,RB,2,Cleveland Browns,Georgia,219.2,6,150,sheet
2019,Jake,Justice Hill,5995,id:5995,RB,1,,3,BE,11,Baltimore Ravens,Oklahoma State,41.5,71,150,sheet
2019,Jake,Ty Montgomery,2399,id:2399,RB,1,,4,BE,12,New York Jets,Stanford,19.3,91,150,sheet
2019,Jake,Hunter Henry,3214,id:3214,TE,3,,1,TE,5,Los Angeles Chargers,Arkansas,95.2,8,145,sheet
2019,Jake,David Njoku,4033,id:4033,TE,1,,2,BE,13,Cleveland Browns,Miami (FL),10.1,79,145,sheet
2019,Jake,Odell Beckham,2078,id:2078,WR,50,,1,WR,3,Cleveland Browns,LSU,127.3,31,243,sheet
2019,Jake,Marlon Mack,4152,id:4152,WR,9,,2,WR,4,Indianapolis Colts,South Florida,167.3,17,150,sheet
2019,Jake,Robert Woods,1352,id:1352,WR,9,,3,FLEX,6,Los Angeles Rams,USC,142.9,22,243,sheet
2019,Jake,Mike Williams,4068,id:4068,WR,4,,4,BE,9,Los Angeles Chargers,Clemson,112.3,37,243,sheet
2019,Jake,Robbie Chosen,3423,id:3423,WR,2,,5,BE,10,New York Jets,Temple,110.3,38,243,sheet
2019,Jake,Sammy Watkins,1817,id:1817,WR,1,,6,BE,14,Kansas City Chiefs,Clemson,86.5,52,243,sheet
2019,Jake,Michael Gallup,5038,id:5038,WR,1,,7,BE,15,Dallas Cowboys,Colorado State,146.7,20,243,sheet
2019,Joe,Browns,,def:Browns,DEF,1,,1,D/ST,7,Cleveland Browns,,91.0,25,32,sheet
2019,Joe,Matt Prater,17,id:17,K,1,,1,K,8,Detroit Lions,UCF,133.0,9,42,sheet
2019,Joe,Aaron Rodgers,96,id:96,QB,15,,1,QB,0,Green Bay Packers,California,278.4,9,93,sheet
2019,Joe,Lamar Jackson,4881,id:4881,QB,2,,2,BE,12,Baltimore Ravens,Louisville,415.7,1,93,sheet
2019,Joe,Todd Gurley,2315,id:2315,RB,54,,1,RB,1,Los Angeles Rams,Georgia,188.4,12,150,sheet
2019,Joe,Devonta Freeman,2168,id:2168,RB,29,,2,RB,2,Atlanta Falcons,Florida State,138.6,26,150,sheet
2019,Joe,Damien Williams,1833,id:1833,RB,25,,3,FLEX,6,Kansas City Chiefs,Oklahoma,111.1,34,150,sheet
2019,Joe,Mark Ingram,956,id:956,RB,15,,4,BE,9,Baltimore Ravens,Alabama,216.5,8,150,sheet
2019,Joe,Darwin Thompson,6178,id:6178,RB,3,,5,BE,11,Kansas City Chiefs,Utah State,23.1,89,150,sheet
2019,Joe,Malcolm Brown,2588,id:2588,RB,1,,6,BE,14,Los Angeles Rams,Texas,57.1,58,150,sheet
2019,Joe,Greg Olsen,58,id:58,TE,1,,1,TE,5,Carolina Panthers,Miami (FL),71.7,16,145,sheet
2019,Joe,Delanie Walker,284,id:284,TE,1,,2,BE,15,Tennessee Titans,Central Missouri,33.5,44,145,sheet
2019,Joe,Brandin Cooks,2197,id:2197,WR,30,,1,WR,3,Los Angeles Rams,Oregon State,75.5,61,243,sheet
2019,Joe,Josh Gordon,1244,id:1244,WR,16,,2,WR,4,Seattle Seahawks,Baylor,46.7,88,243,sheet
2019,Joe,Alshon Jeffery,1149,id:1149,WR,4,,3,BE,10,Philadelphia Eagles,South Carolina,79.2,59,243,sheet
2019,Joe,Emmanuel Sanders,538,id:538,WR,2,,4,BE,13,San Francisco 49ers,SMU,124.3,32,243,sheet
2019,Oleg,Bears,,def:Bears,DEF,5,,1,D/ST,7,Chicago Bears,,105.0,17,32,sheet
2019,Oleg,Rams,,def:Rams,DEF,2,,2,BE,11,Los Angeles Rams,,143.0,8,32,sheet
2019,Oleg,Stephen Gostkowski,110,id:110,K,2,,1,K,8,New England Patriots,Memphis,33.0,35,42,sheet
2019,Oleg,Baker Mayfield,4892,id:4892,QB,8,,1,QB,0,Cleveland Browns,Oklahoma,229.2,20,93,sheet
2019,Oleg,Russell Wilson,1234,id:1234,QB,2,,2,BE,12,Seattle Seahawks,Wisconsin,328.6,3,93,sheet
2019,Oleg,Kerryon Johnson,5068,id:5068,RB,36,,1,RB,1,Detroit Lions,Auburn,75.0,47,150,sheet
2019,Oleg,Melvin Gordon,2320,id:2320,RB,25,,2,RB,2,Los Angeles Chargers,Wisconsin,138.8,25,150,sheet
2019,Oleg,Phillip Lindsay,5170,id:5170,RB,11,,3,FLEX,6,Denver Broncos,Colorado,162.7,19,150,sheet
2019,Oleg,Latavius Murray,1476,id:1476,RB,3,,4,BE,9,New Orleans Saints,UCF,123.2,30,150,sheet
2019,Oleg,Alexander Mattison,5987,id:5987,RB,2,,5,BE,13,Minnesota Vikings,Boise State,58.4,55,150,sheet
2019,Oleg,Kalen Ballage,4994,id:4994,RB,1,,6,BE,14,Miami Dolphins,Arizona State,37.8,75,150,sheet
2019,Oleg,Zach Ertz,1339,id:1339,TE,22,,1,TE,5,Philadelphia Eagles,Stanford,127.6,5,145,sheet
2019,Oleg,JuJu Smith-Schuster,4040,id:4040,WR,54,,1,WR,3,Pittsburgh Steelers,USC,71.2,66,243,sheet
2019,Oleg,Amari Cooper,2309,id:2309,WR,23,,2,WR,4,Dallas Cowboys,Alabama,167.5,7,243,sheet
2019,Oleg,Dede Westbrook,4146,id:4146,WR,3,,3,BE,10,Jacksonville Jaguars,Oklahoma,90.7,50,243,sheet
2019,Oleg,DK Metcalf,5846,id:5846,WR,1,,4,BE,15,Seattle Seahawks,Ole Miss,129.1,30,243,sheet
2019,Rohaan,Bills,,def:Bills,DEF,2,,1,D/ST,7,Buffalo Bills,,134.0,9,32,sheet
2019,Rohaan,Justin Tucker,1264,id:1264,K,3,,1,K,8,Baltimore Ravens,Texas,153.0,3,42,sheet
2019,Rohaan,Matt Ryan,24,id:24,QB,9,,1,QB,0,Atlanta Falcons,Boston College,267.3,11,93,sheet
2019,Rohaan,Mitchell Trubisky,3976,id:3976,QB,1,,2,BE,9,Chicago Bears,North Carolina,202.8,25,93,sheet
2019,Rohaan,Dalvin Cook,4029,id:4029,RB,57,,1,RB,1,Minnesota Vikings,Florida State,239.4,5,150,sheet
2019,Rohaan,James Conner,4137,id:4137,RB,55,,2,RB,2,Pittsburgh Steelers,Pittsburgh,111.5,33,150,sheet
2019,Rohaan,Derrius Guice,4949,id:4949,RB,9,,3,FLEX,6,Washington Commanders,LSU,50.4,62,150,sheet
2019,Rohaan,Kyle Rudolph,943,id:943,TE,1,,1,TE,5,Minnesota Vikings,Notre Dame,74.7,15,145,sheet
2019,Rohaan,Jared Cook,367,id:367,TE,1,,2,BE,10,New Orleans Saints,South Carolina,124.5,6,145,sheet
2019,Rohaan,DeAndre Hopkins,1426,id:1426,WR,56,,1,WR,3,Houston Texans,Clemson,164.5,10,243,sheet
2019,Rohaan,Donte Moncrief,1971,id:1971,WR,1,,2,WR,4,Carolina Panthers,Ole Miss,1.8,190,243,sheet
2019,Rohaan,Jamison Crowder,2410,id:2410,WR,1,,3,BE,11,New York Jets,Duke,119.7,34,243,sheet
2019,Rohaan,Larry Fitzgerald,223,id:223,WR,1,,4,BE,12,Arizona Cardinals,Pittsburgh,102.4,42,243,sheet
2019,Rohaan,Marvin Jones,1067,id:1067,WR,1,,5,BE,13,Detroit Lions,California,131.9,27,243,sheet
2019,Rohaan,Christian Kirk,4950,id:4950,WR,1,,6,BE,14,Arizona Cardinals,Texas A&M,100.2,46,243,sheet
2019,Rohaan,Dante Pettis,4992,id:4992,WR,1,,7,BE,15,San Francisco 49ers,Washington,23.5,126,243,sheet
2019,Ryan,Vikings,,def:Vikings,DEF,1,,1,D/ST,7,Minnesota Vikings,,144.0,7,32,sheet
2019,Ryan,Jake Elliott,4195,id:4195,K,1,,1,K,8,Philadelphia Eagles,Memphis,108.0,22,42,sheet
2019,Ryan,Drew Brees,289,id:289,QB,1,,1,QB,0,New Orleans Saints,Purdue,224.8,21,93,sheet
2019,Ryan,Dak Prescott,3294,id:3294,QB,1,,2,BE,12,Dallas Cowboys,Mississippi State,337.8,2,93,sheet
2019,Ryan,Tom Brady,167,id:167,QB,1,,3,BE,13,New England Patriots,Michigan,263.7,12,93,sheet
2019,Ryan,David Johnson,2391,id:2391,RB,62,,1,RB,1,Arizona Cardinals,Northern Iowa,105.5,37,150,sheet
2019,Ryan,Le'Veon Bell,1408,id:1408,RB,53,,2,RB,2,New York Jets,Michigan State,149.0,21,150,sheet
2019,Ryan,Kenyan Drake,3242,id:3242,RB,4,,3,BE,9,Arizona Cardinals,Alabama,164.2,18,150,sheet
2019,Ryan,Ronald Jones,5052,id:5052,RB,1,,4,BE,14,Tampa Bay Buccaneers,USC,135.3,27,150,sheet
2019,Ryan,Nyheim Hines,,name:nyheim hines|RB,RB,1,,5,BE,15,Indianapolis Colts,NC State,,,,sheet
2019,Ryan,Travis Kelce,1466,id:1466,TE,42,,1,TE,5,Kansas City Chiefs,Cincinnati,157.3,1,145,sheet
2019,Ryan,Julian Edelman,344,id:344,WR,11,,1,WR,3,New England Patriots,Kent State,156.3,13,243,sheet
2019,Ryan,Chris Godwin,4037,id:4037,WR,11,,2,WR,4,Tampa Bay Buccaneers,Penn State,190.1,2,243,sheet
2019,Ryan,Kenny Golladay,4131,id:4131,WR,6,,3,FLEX,6,Detroit Lions,Northern Illinois,183.0,3,243,sheet
2019,Ryan,Calvin Ridley,4981,id:4981,WR,2,,4,BE,10,Atlanta Falcons,Alabama,134.0,23,243,sheet
2019,Ryan,Jarvis Landry,1825,id:1825,WR,2,,5,BE,11,Cleveland Browns,LSU,154.4,14,243,sheet
2019,Steven,Jaguars,,def:Jaguars,DEF,1,,1,D/ST,7,Jacksonville Jaguars,,102.0,18,32,sheet
2019,Steven,Jets,,def:Jets,DEF,1,,2,BE,14,New York Jets,,128.0,12,32,sheet
2019,Steven,Wil Lutz,3678,id:3678,K,2,,1,K,8,New Orleans Saints,Georgia State,163.0,2,42,sheet
2019,Steven,Deshaun Watson,4017,id:4017,QB,16,,1,QB,0,Houston Texans,Clemson,320.0,4,93,sheet
2019,Steven,Saquon Barkley,4866,id:4866,RB,74,,1,RB,1,New York Giants,Penn State,192.1,10,150,sheet
2019,Steven,Joe Mixon,4018,id:4018,RB,33,,2,RB,2,Cincinnati Bengals,Oklahoma,190.4,11,150,sheet
2019,Steven,James White,1848,id:1848,RB,6,,3,FLEX,6,New England Patriots,Wisconsin,128.2,29,150,sheet
2019,Steven,Royce Freeman,5046,id:5046,RB,2,,4,BE,11,Denver Broncos,Oregon,99.2,40,150,sheet
2019,Steven,Peyton Barber,3594,id:3594,RB,2,,5,BE,12,Tampa Bay Buccaneers,Auburn,100.5,39,150,sheet
2019,Steven,LeSean McCoy,676,id:676,RB,2,,6,BE,13,Kansas City Chiefs,Pittsburgh,90.6,41,150,sheet
2019,Steven,Adrian Peterson,184,id:184,RB,1,,7,BE,15,Washington Commanders,Oklahoma,130.0,28,150,sheet
2019,Steven,O.J. Howard,4055,id:4055,TE,5,,1,TE,5,Tampa Bay Buccaneers,Alabama,49.9,32,145,sheet
2019,Steven,Antonio Brown,536,id:536,WR,35,,1,WR,3,New England Patriots,Central Michigan,12.1,146,243,sheet
2019,Steven,T.Y. Hilton,1110,id:1110,WR,12,,2,WR,4,Indianapolis Colts,Florida International,80.1,58,243,sheet
2019,Steven,A.J. Green,830,id:830,WR,4,,3,BE,9,Cincinnati Bengals,Georgia,0.0,214,243,sheet
2019,Steven,Sterling Shepard,3200,id:3200,WR,4,,4,BE,10,New York Giants,Oklahoma,84.8,54,243,sheet
2019,Tommy,Chargers,,def:Chargers,DEF,1,,1,D/ST,7,Los Angeles Chargers,,79.0,27,32,sheet
2019,Tommy,Greg Zuerlein,1266,id:1266,K,2,,1,K,8,Los Angeles Rams,Missouri Western,133.0,8,42,sheet
2019,Tommy,Patrick Mahomes,4046,id:4046,QB,36,,1,QB,0,Kansas City Chiefs,Texas Tech,287.0,7,93,sheet
2019,Tommy,Darrell Henderson,5916,id:5916,RB,11,,1,RB,1,Los Angeles Rams,Memphis,18.4,93,150,sheet
2019,Tommy,Derrick Henry,3198,id:3198,RB,10,,2,RB,2,Tennessee Titans,Alabama,276.6,2,150,sheet
2019,Tommy,Justin Jackson,5131,id:5131,RB,3,,3,BE,9,Los Angeles Chargers,Northwestern,22.2,90,150,sheet
2019,Tommy,Matt Breida,4455,id:4455,RB,3,,4,BE,10,San Francisco 49ers,Georgia Southern,84.3,45,150,sheet
2019,Tommy,Kareem Hunt,4098,id:4098,RB,2,,5,BE,12,Cleveland Browns,Toledo,64.4,54,150,sheet
2019,Tommy,Dion Lewis,788,id:788,RB,1,,6,BE,13,Tennessee Titans,Pittsburgh,41.3,72,150,sheet
2019,Tommy,T.J. Hockenson,5844,id:5844,TE,1,,1,TE,5,Detroit Lions,Iowa,48.7,33,145,sheet
2019,Tommy,Michael Thomas,3199,id:3199,WR,55,,1,WR,3,New Orleans Saints,Ohio State,225.6,1,243,sheet
2019,Tommy,Tyreek Hill,3321,id:3321,WR,51,,2,WR,4,Kansas City Chiefs,West Alabama,130.3,28,243,sheet
2019,Tommy,Cooper Kupp,4039,id:4039,WR,19,,3,FLEX,6,Los Angeles Rams,Eastern Washington,176.5,4,243,sheet
2019,Tommy,DJ Moore,4983,id:4983,WR,3,,4,BE,11,Carolina Panthers,Maryland,143.5,21,243,sheet
2019,Tommy,Golden Tate,642,id:642,WR,1,,5,BE,14,New York Giants,Notre Dame,103.2,41,243,sheet
2019,Tommy,Corey Davis,4036,id:4036,WR,1,,6,BE,15,Tennessee Titans,Western Michigan,72.1,64,243,sheet
2020,Aidan,Saints,,def:Saints,DEF,1,,1,D/ST,8,New Orleans Saints,,120.0,7,32,sheet
2020,Aidan,Matt Prater,17,id:17,K,1,,1,K,9,Detroit Lions,UCF,117.0,22,48,sheet
2020,Aidan,Dak Prescott,3294,id:3294,QB,9,,1,QB,0,Dallas Cowboys,Mississippi State,134.6,31,105,sheet
2020,Aidan,Saquon Barkley,4866,id:4866,RB,69,,1,RB,1,New York Giants,Penn State,9.4,115,167,sheet
2020,Aidan,Chris Carson,4273,id:4273,RB,30,,2,RB,2,Seattle Seahawks,Oklahoma State,150.8,16,167,sheet
2020,Aidan,David Johnson,2391,id:2391,RB,19,,3,FLEX,6,Houston Texans,Northern Iowa,146.5,19,167,sheet
2020,Aidan,Tevin Coleman,2378,id:2378,RB,1,,4,BE,10,San Francisco 49ers,Indiana,8.7,117,167,sheet
2020,Aidan,Tarik Cohen,4157,id:4157,RB,1,,5,BE,11,Chicago Bears,North Carolina A&T,11.5,113,167,sheet
2020,Aidan,Carlos Hyde,2257,id:2257,RB,1,,6,BE,12,Seattle Seahawks,Ohio State,68.9,54,167,sheet
2020,Aidan,Darren Waller,2505,id:2505,TE,9,,1,TE,5,Las Vegas Raiders,Georgia Tech,171.6,2,148,sheet
2020,Aidan,Mike Gesicki,4993,id:4993,TE,1,,2,BE,13,Miami Dolphins,Penn State,106.3,7,148,sheet
2020,Aidan,Julio Jones,947,id:947,WR,41,,1,WR,3,Atlanta Falcons,Alabama,95.1,53,252,sheet
2020,Aidan,Keenan Allen,1479,id:1479,WR,12,,2,WR,4,Los Angeles Chargers,California,145.1,18,252,sheet
2020,Aidan,Diontae Johnson,5937,id:5937,WR,2,,3,FLEX,7,Pittsburgh Steelers,Toledo,133.8,26,252,sheet
2020,Aidan,Jalen Reagor,6798,id:6798,WR,1,,4,BE,14,Philadelphia Eagles,TCU,56.2,90,252,sheet
2020,Aidan,Brandon Aiyuk,6803,id:6803,WR,1,,5,BE,15,San Francisco 49ers,Arizona State,124.5,33,252,sheet
2020,Aidan,John Brown,2238,id:2238,WR,1,,6,BE,16,Buffalo Bills,Pittsburg State,63.8,77,252,sheet
2020,Ankit,Patriots,,def:Patriots,DEF,2,,1,D/ST,8,New England Patriots,,108.0,11,32,sheet
2020,Ankit,Younghoe Koo,4666,id:4666,K,1,,1,K,9,Atlanta Falcons,Georgia Southern,168.0,2,48,sheet
2020,Ankit,Kyler Murray,5849,id:5849,QB,6,,1,QB,0,Arizona Cardinals,Oklahoma,378.7,3,105,sheet
2020,Ankit,James Conner,4137,id:4137,RB,22,,1,RB,1,Pittsburgh Steelers,Pittsburgh,129.6,25,167,sheet
2020,Ankit,Ronald Jones,5052,id:5052,RB,15,,2,RB,2,Tampa Bay Buccaneers,USC,158.3,15,167,sheet
2020,Ankit,Mark Ingram,956,id:956,RB,12,,3,FLEX,6,Baltimore Ravens,Alabama,46.9,71,167,sheet
2020,Ankit,Cam Akers,6938,id:6938,RB,12,,4,FLEX,7,Los Angeles Rams,Florida State,90.8,42,167,sheet
2020,Ankit,J.K. Dobbins,6806,id:6806,RB,11,,5,BE,10,Baltimore Ravens,Ohio State,150.5,17,167,sheet
2020,Ankit,D'Andre Swift,6790,id:6790,RB,7,,6,BE,11,Detroit Lions,Georgia,143.8,20,167,sheet
2020,Ankit,Phillip Lindsay,5170,id:5170,RB,4,,7,BE,14,Denver Broncos,Colorado,59.0,60,167,sheet
2020,Ankit,Ke'Shawn Vaughn,6885,id:6885,RB,1,,8,BE,15,Tampa Bay Buccaneers,Vanderbilt,18.3,96,167,sheet
2020,Ankit,George Kittle,4217,id:4217,TE,31,,1,TE,5,San Francisco 49ers,Iowa,77.1,20,148,sheet
2020,Ankit,Davante Adams,2133,id:2133,WR,44,,1,WR,3,Green Bay Packers,Fresno State,243.4,1,252,sheet
2020,Ankit,Cooper Kupp,4039,id:4039,WR,20,,2,WR,4,Los Angeles Rams,Eastern Washington,116.7,34,252,sheet
2020,Ankit,DeVante Parker,2319,id:2319,WR,6,,3,BE,12,Miami Dolphins,Louisville,103.3,46,252,sheet
2020,Ankit,DJ Chark,4951,id:4951,WR,5,,4,BE,13,Jacksonville Jaguars,LSU,100.6,48,252,sheet
2020,Ankit,DeSean Jackson,147,id:147,WR,1,,5,BE,16,Philadelphia Eagles,California,30.8,114,252,sheet
2020,Ben,Bengals,,def:Bengals,DEF,1,,1,D/ST,8,Cincinnati Bengals,,45.0,30,32,sheet
2020,Ben,Justin Tucker,1264,id:1264,K,3,,1,K,9,Baltimore Ravens,Texas,145.0,7,48,sheet
2020,Ben,Patrick Mahomes,4046,id:4046,QB,24,,1,QB,0,Kansas City Chiefs,Texas Tech,374.4,4,105,sheet
2020,Ben,Tua Tagovailoa,6768,id:6768,QB,1,,2,BE,13,Miami Dolphins,Alabama,135.5,30,105,sheet
2020,Ben,Nick Chubb,4988,id:4988,RB,48,,1,RB,1,Cleveland Browns,Georgia,191.7,9,167,sheet
2020,Ben,David Montgomery,5892,id:5892,RB,15,,2,RB,2,Chicago Bears,Iowa State,210.8,6,167,sheet
2020,Ben,Devin Singletary,6130,id:6130,RB,8,,3,FLEX,6,Buffalo Bills,Florida Atlantic,105.6,37,167,sheet
2020,Ben,Alexander Mattison,5987,id:5987,RB,3,,4,BE,10,Minnesota Vikings,Boise State,73.9,50,167,sheet
2020,Ben,Latavius Murray,1476,id:1476,RB,2,,5,BE,11,New Orleans Saints,UCF,113.2,32,167,sheet
2020,Ben,AJ Dillon,6828,id:6828,RB,1,,6,BE,14,Green Bay Packers,Boston College,38.3,76,167,sheet
2020,Ben,Travis Kelce,1466,id:1466,TE,35,,1,TE,5,Kansas City Chiefs,Cincinnati,207.8,1,148,sheet
2020,Ben,Chris Herndon,5009,id:5009,TE,1,,2,BE,15,New York Jets,Miami (FL),42.7,35,148,sheet
2020,Ben,DeAndre Hopkins,1426,id:1426,WR,36,,1,WR,3,Arizona Cardinals,Clemson,172.8,10,252,sheet
2020,Ben,Tyler Lockett,2374,id:2374,WR,14,,2,WR,4,Seattle Seahawks,Kansas State,165.4,11,252,sheet
2020,Ben,Stefon Diggs,2449,id:2449,WR,5,,3,FLEX,7,Buffalo Bills,Maryland,201.6,3,252,sheet
2020,Ben,Jamison Crowder,2410,id:2410,WR,2,,4,BE,12,New York Jets,Duke,113.0,38,252,sheet
2020,Ben,Darius Slayton,6149,id:6149,WR,1,,5,BE,16,New York Giants,Auburn,91.0,56,252,sheet
2020,Jake,Colts,,def:Colts,DEF,2,,1,D/ST,8,Indianapolis Colts,,143.0,3,32,sheet
2020,Jake,Jake Elliott,4195,id:4195,K,1,,1,K,9,Philadelphia Eagles,Memphis,75.0,29,48,sheet
2020,Jake,Matthew Stafford,421,id:421,QB,1,,1,QB,0,Detroit Lions,Georgia,260.6,15,105,sheet
2020,Jake,Carson Wentz,3161,id:3161,QB,1,,2,BE,12,Philadelphia Eagles,North Dakota State,198.4,22,105,sheet
2020,Jake,Joe Mixon,4018,id:4018,RB,41,,1,RB,1,Cincinnati Bengals,Oklahoma,78.6,49,167,sheet
2020,Jake,Jonathan Taylor,6813,id:6813,RB,33,,2,RB,2,Indianapolis Colts,Wisconsin,216.8,4,167,sheet
2020,Jake,Melvin Gordon,2320,id:2320,RB,23,,3,FLEX,6,Denver Broncos,Wisconsin,166.4,13,167,sheet
2020,Jake,Nyheim Hines,,name:nyheim hines|RB,RB,1,,4,BE,13,Indianapolis Colts,NC State,,,,sheet
2020,Jake,Mark Andrews,5012,id:5012,TE,10,,1,TE,5,Baltimore Ravens,Oklahoma,112.1,5,148,sheet
2020,Jake,JuJu Smith-Schuster,4040,id:4040,WR,24,,1,WR,3,Pittsburgh Steelers,USC,137.1,22,252,sheet
2020,Jake,Allen Robinson,1992,id:1992,WR,22,,2,WR,4,Chicago Bears,Penn State,160.9,12,252,sheet
2020,Jake,A.J. Brown,5859,id:5859,WR,21,,3,FLEX,7,Tennessee Titans,Ole Miss,177.5,9,252,sheet
2020,Jake,Calvin Ridley,4981,id:4981,WR,13,,4,BE,10,Atlanta Falcons,Alabama,191.5,4,252,sheet
2020,Jake,Marvin Jones,1067,id:1067,WR,4,,5,BE,11,Detroit Lions,California,151.8,15,252,sheet
2020,Jake,Christian Kirk,4950,id:4950,WR,1,,6,BE,14,Arizona Cardinals,Texas A&M,98.4,51,252,sheet
2020,Jake,Mecole Hardman,5917,id:5917,WR,1,,7,BE,15,Kansas City Chiefs,Georgia,87.1,57,252,sheet
2020,Jake,Breshad Perriman,2331,id:2331,WR,1,,8,BE,16,New York Jets,UCF,69.1,72,252,sheet
2020,Joe,Chargers,,def:Chargers,DEF,1,,1,D/ST,8,Los Angeles Chargers,,72.0,23,32,sheet
2020,Joe,Harrison Butker,4227,id:4227,K,3,,1,K,9,Kansas City Chiefs,Georgia Tech,134.0,13,48,sheet
2020,Joe,Matt Ryan,24,id:24,QB,2,,1,QB,0,Atlanta Falcons,Boston College,282.4,12,105,sheet
2020,Joe,Ezekiel Elliott,3164,id:3164,RB,71,,1,RB,1,Dallas Cowboys,Ohio State,171.7,11,167,sheet
2020,Joe,Clyde Edwards-Helaire,6820,id:6820,RB,47,,2,RB,2,Kansas City Chiefs,LSU,140.0,22,167,sheet
2020,Joe,Tony Pollard,5967,id:5967,RB,3,,3,FLEX,7,Dallas Cowboys,Memphis,92.7,41,167,sheet
2020,Joe,Lamar Miller,1048,id:1048,RB,1,,4,BE,10,Washington Commanders,Miami (FL),0.6,146,167,sheet
2020,Joe,Sony Michel,4962,id:4962,RB,1,,5,BE,11,New England Patriots,Georgia,68.3,56,167,sheet
2020,Joe,Damien Harris,5890,id:5890,RB,1,,6,BE,12,New England Patriots,Alabama,86.3,44,167,sheet
2020,Joe,Chase Edmonds,5000,id:5000,RB,1,,7,BE,13,Arizona Cardinals,Fordham,115.0,30,167,sheet
2020,Joe,T.J. Hockenson,5844,id:5844,TE,1,,1,TE,5,Detroit Lions,Iowa,108.3,6,148,sheet
2020,Joe,Hayden Hurst,4973,id:4973,TE,1,,2,BE,14,Atlanta Falcons,South Carolina,93.1,12,148,sheet
2020,Joe,Michael Thomas,3199,id:3199,WR,46,,1,WR,3,New Orleans Saints,Ohio State,43.9,102,252,sheet
2020,Joe,T.Y. Hilton,1110,id:1110,WR,14,,2,WR,4,Indianapolis Colts,Florida International,108.2,41,252,sheet
2020,Joe,Julian Edelman,344,id:344,WR,5,,3,FLEX,6,New England Patriots,Kent State,35.2,108,252,sheet
2020,Joe,Sammy Watkins,1817,id:1817,WR,1,,4,BE,15,Kansas City Chiefs,Clemson,50.4,96,252,sheet
2020,Joe,Golden Tate,642,id:642,WR,1,,5,BE,16,New York Giants,Notre Dame,51.5,93,252,sheet
2020,Oleg,Steelers,,def:Steelers,DEF,3,,1,D/ST,8,Pittsburgh Steelers,,146.0,2,32,sheet
2020,Oleg,Greg Zuerlein,1266,id:1266,K,2,,1,K,9,Dallas Cowboys,Missouri Western,153.0,5,48,sheet
2020,Oleg,Deshaun Watson,4017,id:4017,QB,6,,1,QB,0,Houston Texans,Clemson,369.3,5,105,sheet
2020,Oleg,Josh Allen,4984,id:4984,QB,2,,2,BE,11,Buffalo Bills,Wyoming,395.1,1,105,sheet
2020,Oleg,Christian McCaffrey,4034,id:4034,RB,71,,1,RB,1,Carolina Panthers,Stanford,73.4,51,167,sheet
2020,Oleg,Austin Ekeler,4663,id:4663,RB,45,,2,RB,2,Los Angeles Chargers,Western Colorado,111.3,35,167,sheet
2020,Oleg,James White,1848,id:1848,RB,3,,3,BE,10,New England Patriots,Wisconsin,67.6,57,167,sheet
2020,Oleg,Zack Moss,6845,id:6845,RB,2,,4,BE,12,Buffalo Bills,Utah,87.6,43,167,sheet
2020,Oleg,Antonio Gibson,6945,id:6945,RB,2,,5,BE,13,Washington Commanders,Memphis,166.2,14,167,sheet
2020,Oleg,Hunter Henry,3214,id:3214,TE,3,,1,TE,5,Los Angeles Chargers,Arkansas,85.3,16,148,sheet
2020,Oleg,Greg Olsen,58,id:58,TE,1,,2,BE,15,Seattle Seahawks,Miami (FL),29.9,51,148,sheet
2020,Oleg,Amari Cooper,2309,id:2309,WR,30,,1,WR,3,Dallas Cowboys,Alabama,144.8,19,252,sheet
2020,Oleg,DK Metcalf,5846,id:5846,WR,15,,2,WR,4,Seattle Seahawks,Ole Miss,188.3,5,252,sheet
2020,Oleg,Jarvis Landry,1825,id:1825,WR,8,,3,FLEX,6,Cleveland Browns,LSU,116.0,35,252,sheet
2020,Oleg,Jordan Howard,3306,id:3306,WR,4,,4,FLEX,7,Philadelphia Eagles,Indiana,29.7,84,167,sheet
2020,Oleg,Emmanuel Sanders,538,id:538,WR,2,,5,BE,14,New Orleans Saints,SMU,103.8,45,252,sheet
2020,Oleg,Henry Ruggs,6789,id:6789,WR,1,,6,BE,16,Las Vegas Raiders,Alabama,58.1,87,252,sheet
2020,Rohaan,Ravens,,def:Ravens,DEF,2,,1,D/ST,8,Baltimore Ravens,,139.0,4,32,sheet
2020,Rohaan,Wil Lutz,3678,id:3678,K,2,,1,K,9,New Orleans Saints,Georgia State,135.0,12,48,sheet
2020,Rohaan,Tom Brady,167,id:167,QB,5,,1,QB,0,Tampa Bay Buccaneers,Michigan,337.9,8,105,sheet
2020,Rohaan,Joe Burrow,6770,id:6770,QB,1,,2,BE,10,Cincinnati Bengals,LSU,173.7,25,105,sheet
2020,Rohaan,Dalvin Cook,4029,id:4029,RB,65,,1,RB,1,Minnesota Vikings,Florida State,293.8,3,167,sheet
2020,Rohaan,Miles Sanders,6151,id:6151,RB,45,,2,RB,2,Philadelphia Eagles,Penn State,142.4,21,167,sheet
2020,Rohaan,Raheem Mostert,2749,id:2749,RB,10,,3,FLEX,6,San Francisco 49ers,Purdue,83.7,47,167,sheet
2020,Rohaan,Adrian Peterson,184,id:184,RB,1,,4,FLEX,7,Detroit Lions,Oklahoma,112.5,33,167,sheet
2020,Rohaan,Boston Scott,5122,id:5122,RB,1,,5,BE,11,Philadelphia Eagles,Louisiana Tech,70.6,52,167,sheet
2020,Rohaan,Tyler Higbee,3271,id:3271,TE,2,,1,TE,5,Los Angeles Rams,Western Kentucky,84.2,17,148,sheet
2020,Rohaan,Kenny Golladay,4131,id:4131,WR,32,,1,WR,3,Detroit Lions,Northern Illinois,45.8,100,252,sheet
2020,Rohaan,Mike Evans,2216,id:2216,WR,29,,2,WR,4,Tampa Bay Buccaneers,Texas A&M,178.6,8,252,sheet
2020,Rohaan,Sterling Shepard,3200,id:3200,WR,1,,3,BE,12,New York Giants,Oklahoma,96.5,52,252,sheet
2020,Rohaan,Jerry Jeudy,6783,id:6783,WR,1,,4,BE,13,Denver Broncos,Alabama,105.6,43,252,sheet
2020,Rohaan,Justin Jefferson,6794,id:6794,WR,1,,5,BE,14,Minnesota Vikings,LSU,186.2,6,252,sheet
2020,Rohaan,Preston Williams,6148,id:6148,WR,1,,6,BE,15,Miami Dolphins,Colorado State,56.8,89,252,sheet
2020,Rohaan,Mike Williams,4068,id:4068,WR,1,,7,BE,16,Los Angeles Chargers,Clemson,105.7,42,252,sheet
2020,Ryan,Bears,,def:Bears,DEF,1,,1,D/ST,8,Chicago Bears,,88.0,20,32,sheet
2020,Ryan,Zane Gonzalez,4233,id:4233,K,1,,1,K,9,Arizona Cardinals,Arizona State,98.0,27,48,sheet
2020,Ryan,Aaron Rodgers,96,id:96,QB,2,,1,QB,0,Green Bay Packers,California,382.3,2,105,sheet
2020,Ryan,Drew Brees,289,id:289,QB,2,,2,BE,10,New Orleans Saints,Purdue,209.5,21,105,sheet
2020,Ryan,Alvin Kamara,4035,id:4035,RB,61,,1,RB,1,New Orleans Saints,Tennessee,294.8,2,167,sheet
2020,Ryan,Derrick Henry,3198,id:3198,RB,49,,2,RB,2,Tennessee Titans,Alabama,314.1,1,167,sheet
2020,Ryan,Matt Breida,4455,id:4455,RB,1,,3,BE,11,Miami Dolphins,Georgia Southern,33.0,80,167,sheet
2020,Ryan,Justin Jackson,5131,id:5131,RB,1,,4,BE,12,Los Angeles Chargers,Northwestern,46.3,72,167,sheet
2020,Ryan,Evan Engram,4066,id:4066,TE,4,,1,TE,5,New York Giants,Ole Miss,78.0,19,148,sheet
2020,Ryan,Jared Cook,367,id:367,TE,1,,2,BE,13,New Orleans Saints,South Carolina,90.4,13,148,sheet
2020,Ryan,Chris Godwin,4037,id:4037,WR,33,,1,WR,3,Tampa Bay Buccaneers,Penn State,126.0,30,252,sheet
2020,Ryan,DJ Moore,4983,id:4983,WR,20,,2,WR,4,Carolina Panthers,Maryland,145.5,17,252,sheet
2020,Ryan,Courtland Sutton,5045,id:5045,WR,17,,3,FLEX,6,Denver Broncos,SMU,6.6,173,252,sheet
2020,Ryan,Tyler Boyd,3225,id:3225,WR,4,,4,FLEX,7,Cincinnati Bengals,Pittsburgh,113.6,37,252,sheet
2020,Ryan,CeeDee Lamb,6786,id:6786,WR,1,,5,BE,14,Dallas Cowboys,Oklahoma,143.7,20,252,sheet
2020,Ryan,Parris Campbell,5880,id:5880,WR,1,,6,BE,15,Indianapolis Colts,Ohio State,8.7,168,252,sheet
2020,Ryan,Anthony Miller,5013,id:5013,WR,1,,7,BE,16,Chicago Bears,Memphis,59.7,84,252,sheet
2020,Steven,49ers,,def:49ers,DEF,2,,1,D/ST,8,San Francisco 49ers,,88.0,19,32,sheet
2020,Steven,Matt Gay,6083,id:6083,K,2,,1,K,9,Los Angeles Rams,Utah,66.0,30,48,sheet
2020,Steven,Lamar Jackson,4881,id:4881,QB,25,,1,QB,0,Baltimore Ravens,Louisville,332.8,10,105,sheet
2020,Steven,Kenyan Drake,3242,id:3242,RB,46,,1,RB,1,Arizona Cardinals,Alabama,167.2,12,167,sheet
2020,Steven,Aaron Jones,4199,id:4199,RB,44,,2,RB,2,Green Bay Packers,UTEP,211.9,5,167,sheet
2020,Steven,Le'Veon Bell,1408,id:1408,RB,15,,3,FLEX,6,Kansas City Chiefs,Michigan State,58.6,61,167,sheet
2020,Steven,Todd Gurley,2315,id:2315,RB,14,,4,FLEX,7,Atlanta Falcons,Georgia,138.2,23,167,sheet
2020,Steven,Marlon Mack,4152,id:4152,RB,2,,5,BE,12,Indianapolis Colts,South Florida,5.6,126,167,sheet
2020,Steven,Zach Ertz,1339,id:1339,TE,6,,1,TE,5,Philadelphia Eagles,Stanford,41.5,36,148,sheet
2020,Steven,Rob Gronkowski,515,id:515,TE,2,,2,BE,13,Tampa Bay Buccaneers,Arizona,104.3,9,148,sheet
2020,Steven,Odell Beckham,2078,id:2078,WR,21,,1,WR,3,Cleveland Browns,LSU,63.8,76,252,sheet
2020,Steven,Terry McLaurin,5927,id:5927,WR,11,,2,WR,4,Washington Commanders,Ohio State,136.8,23,252,sheet
2020,Steven,Brandin Cooks,2197,id:2197,WR,4,,3,BE,10,Houston Texans,Oregon State,151.0,16,252,sheet
2020,Steven,A.J. Green,830,id:830,WR,3,,4,BE,11,Cincinnati Bengals,Georgia,64.3,75,252,sheet
2020,Steven,Robbie Chosen,3423,id:3423,WR,1,,5,BE,14,Carolina Panthers,Temple,129.1,27,252,sheet
2020,Steven,Deebo Samuel,5872,id:5872,WR,1,,6,BE,15,San Francisco 49ers,South Carolina,47.7,97,252,sheet
2020,Steven,Antonio Brown,536,id:536,WR,1,,7,BE,16,Tampa Bay Buccaneers,Central Michigan,72.1,66,252,sheet
2020,Tommy,Bills,,def:Bills,DEF,3,,1,D/ST,8,Buffalo Bills,,118.0,9,32,sheet
2020,Tommy,Robbie Gould,49,id:49,K,1,,1,K,9,San Francisco 49ers,Penn State,106.0,24,48,sheet
2020,Tommy,Russell Wilson,1234,id:1234,QB,6,,1,QB,0,Seattle Seahawks,Wisconsin,359.8,6,105,sheet
2020,Tommy,Cam Newton,954,id:954,QB,2,,2,BE,12,New England Patriots,Auburn,259.0,16,105,sheet
2020,Tommy,Josh Jacobs,5850,id:5850,RB,43,,1,RB,1,Las Vegas Raiders,Alabama,198.3,8,167,sheet
2020,Tommy,Leonard Fournette,3969,id:3969,RB,23,,2,RB,2,Tampa Bay Buccaneers,LSU,96.0,39,167,sheet
2020,Tommy,Kerryon Johnson,5068,id:5068,RB,1,,3,BE,13,Detroit Lions,Auburn,52.8,66,167,sheet
2020,Tommy,Darrell Henderson,5916,id:5916,RB,1,,4,BE,14,Los Angeles Rams,Memphis,114.3,31,167,sheet
2020,Tommy,Duke Johnson,2382,id:2382,RB,1,,5,BE,15,Houston Texans,Miami (FL),56.4,64,167,sheet
2020,Tommy,Kareem Hunt,4098,id:4098,TE,5,,1,TE,5,Cleveland Browns,Toledo,180.5,10,167,sheet
2020,Tommy,Noah Fant,5857,id:5857,TE,1,,2,BE,16,Denver Broncos,Iowa,87.3,14,148,sheet
2020,Tommy,Tyreek Hill,3321,id:3321,WR,53,,1,WR,3,Kansas City Chiefs,West Alabama,241.9,2,252,sheet
2020,Tommy,Adam Thielen,1689,id:1689,WR,27,,2,WR,4,Minnesota Vikings,Minnesota State,180.0,7,252,sheet
2020,Tommy,Robert Woods,1352,id:1352,WR,17,,3,FLEX,6,Los Angeles Rams,USC,155.1,13,252,sheet
2020,Tommy,William Fuller,3157,id:3157,WR,6,,4,FLEX,7,Houston Texans,Notre Dame,135.9,24,252,sheet
2020,Tommy,Michael Gallup,5038,id:5038,WR,5,,5,BE,10,Dallas Cowboys,Colorado State,114.3,36,252,sheet
2020,Tommy,Marquise Brown,5848,id:5848,WR,5,,6,BE,11,Baltimore Ravens,Oklahoma,125.0,32,252,sheet
2021,Aidan,Bills,,def:Bills,DEF,1,151,1,D/ST,8,Buffalo Bills,,156.0,2,32,sleeper
2021,Aidan,Rodrigo Blankenship,7062,id:7062,K,1,159,1,K,9,Indianapolis Colts,Georgia,44.9,33,57,sleeper
2021,Aidan,Ryan Tannehill,1049,id:1049,QB,1,118,1,QB,0,Tennessee Titans,Texas A&M,238.9,12,120,sleeper
2021,Aidan,Aaron Jones,4199,id:4199,RB,57,23,1,RB,1,Green Bay Packers,UTEP,188.3,13,199,sleeper
2021,Aidan,Najee Harris,7528,id:7528,RB,38,34,2,RB,2,Pittsburgh Steelers,Alabama,241.5,4,199,sleeper
2021,Aidan,Kareem Hunt,4098,id:4098,RB,11,69,3,FLEX,7,Cleveland Browns,Toledo,92.5,49,199,sleeper
2021,Aidan,Jamaal Williams,4149,id:4149,RB,3,85,4,BE,11,Detroit Lions,BYU,98.3,43,199,sleeper
2021,Aidan,Melvin Gordon,2320,id:2320,RB,3,114,5,BE,12,Denver Broncos,Wisconsin,173.4,17,199,sleeper
2021,Aidan,J.D. McKissic,3664,id:3664,RB,1,143,6,BE,16,Washington Commanders,Arkansas State,95.9,45,199,sleeper
2021,Aidan,Kyle Pitts,7553,id:7553,TE,10,43,1,TE,5,Atlanta Falcons,Florida,133.6,6,192,sleeper
2021,Aidan,Keenan Allen,1479,id:1479,WR,29,16,1,WR,3,Los Angeles Chargers,California,184.3,13,345,sleeper
2021,Aidan,Allen Robinson,1992,id:1992,WR,17,39,2,WR,4,Chicago Bears,Penn State,61.0,93,345,sleeper
2021,Aidan,Julio Jones,947,id:947,WR,16,3,3,FLEX,6,Tennessee Titans,Alabama,61.2,92,345,sleeper
2021,Aidan,Brandon Aiyuk,6803,id:6803,WR,8,67,4,BE,10,San Francisco 49ers,Arizona State,134.3,34,345,sleeper
2021,Aidan,Courtland Sutton,5045,id:5045,WR,2,124,5,BE,13,Denver Broncos,SMU,113.2,46,345,sleeper
2021,Aidan,DeVonta Smith,7525,id:7525,WR,1,127,6,BE,14,Philadelphia Eagles,Alabama,145.6,29,345,sleeper
2021,Aidan,Marquez Callaway,6989,id:6989,WR,1,135,7,BE,15,New Orleans Saints,Tennessee,123.8,40,345,sleeper
2021,Ankit,Dolphins,,def:Dolphins,DEF,1,108,1,D/ST,8,Miami Dolphins,,143.0,4,32,sleeper
2021,Ankit,Saints,,def:Saints,DEF,1,117,2,BE,10,New Orleans Saints,,140.0,5,32,sleeper
2021,Ankit,Mason Crosby,59,id:59,K,1,88,1,K,9,Green Bay Packers,Colorado,132.2,15,57,sleeper
2021,Ankit,Lamar Jackson,4881,id:4881,QB,7,68,1,QB,0,Baltimore Ravens,Louisville,216.0,16,120,sleeper
2021,Ankit,Trey Lance,7610,id:7610,QB,1,134,2,BE,12,San Francisco 49ers,North Dakota State,62.9,38,120,sleeper
2021,Ankit,Justin Fields,7591,id:7591,QB,1,158,3,BE,15,Chicago Bears,Ohio State,99.8,32,120,sleeper
2021,Ankit,Alvin Kamara,4035,id:4035,RB,68,2,1,RB,1,New Orleans Saints,Tennessee,201.2,7,199,sleeper
2021,Ankit,Joe Mixon,4018,id:4018,RB,36,42,2,RB,2,Cincinnati Bengals,Oklahoma,251.7,3,199,sleeper
2021,Ankit,Phillip Lindsay,5170,id:5170,RB,1,126,3,BE,11,Houston Texans,Colorado,42.7,76,199,sleeper
2021,Ankit,Gus Edwards,5248,id:5248,RB,1,142,4,BE,13,Baltimore Ravens,Rutgers,0.0,167,199,sleeper
2021,Ankit,Giovani Bernard,1386,id:1386,RB,1,150,5,BE,14,Tampa Bay Buccaneers,North Carolina,38.9,81,199,sleeper
2021,Ankit,Tyler Higbee,3271,id:3271,TE,4,65,1,TE,5,Los Angeles Rams,Western Kentucky,103.0,15,192,sleeper
2021,Ankit,Adam Trautman,6869,id:6869,TE,1,164,2,BE,16,New Orleans Saints,Dayton,44.1,41,192,sleeper
2021,Ankit,Tyreek Hill,3321,id:3321,WR,45,9,1,WR,3,Kansas City Chiefs,West Alabama,219.3,6,345,sleeper
2021,Ankit,Cooper Kupp,4039,id:4039,WR,16,61,2,WR,4,Los Angeles Rams,Eastern Washington,341.3,1,345,sleeper
2021,Ankit,Chris Godwin,4037,id:4037,WR,9,70,3,FLEX,6,Tampa Bay Buccaneers,Penn State,176.4,18,345,sleeper
2021,Ankit,Chase Claypool,6886,id:6886,WR,6,83,4,FLEX,7,Pittsburgh Steelers,Notre Dame,127.6,37,345,sleeper
2021,Ben,Ravens,,def:Ravens,DEF,1,103,1,D/ST,8,Baltimore Ravens,,61.0,28,32,sleeper
2021,Ben,Daniel Carlson,5095,id:5095,K,1,93,1,K,9,Las Vegas Raiders,Auburn,179.3,1,57,sleeper
2021,Ben,Kyler Murray,5849,id:5849,QB,16,40,1,QB,0,Arizona Cardinals,Oklahoma,270.0,11,120,sleeper
2021,Ben,Darrell Henderson,5916,id:5916,RB,31,18,1,RB,1,Los Angeles Rams,Memphis,138.9,26,199,sleeper
2021,Ben,Clyde Edwards-Helaire,6820,id:6820,RB,29,48,2,RB,2,Kansas City Chiefs,LSU,103.4,37,199,sleeper
2021,Ben,Chase Edmonds,5000,id:5000,RB,5,80,3,FLEX,6,Arizona Cardinals,Fordham,110.1,36,199,sleeper
2021,Ben,Latavius Murray,1476,id:1476,RB,1,130,4,BE,13,New Orleans Saints,UCF,95.9,46,199,sleeper
2021,Ben,Devontae Booker,3209,id:3209,RB,1,154,5,BE,16,New York Giants,Utah,111.9,35,199,sleeper
2021,Ben,Travis Kelce,1466,id:1466,TE,45,6,1,TE,5,Kansas City Chiefs,Cincinnati,202.6,2,192,sleeper
2021,Ben,George Kittle,4217,id:4217,TE,21,21,2,BE,10,San Francisco 49ers,Iowa,150.8,4,192,sleeper
2021,Ben,Mike Evans,2216,id:2216,WR,22,53,1,WR,3,Tampa Bay Buccaneers,Texas A&M,214.8,8,345,sleeper
2021,Ben,Adam Thielen,1689,id:1689,WR,16,57,2,WR,4,Minnesota Vikings,Minnesota State,151.6,28,345,sleeper
2021,Ben,Ja'Marr Chase,7564,id:7564,WR,5,98,3,FLEX,7,Cincinnati Bengals,LSU,253.6,5,345,sleeper
2021,Ben,Michael Pittman,6819,id:6819,WR,2,75,4,BE,11,Indianapolis Colts,USC,180.4,16,345,sleeper
2021,Ben,D.J. Chark,4951,id:4951,WR,2,84,5,BE,12,Jacksonville Jaguars,LSU,30.9,129,345,sleeper
2021,Ben,Henry Ruggs,6789,id:6789,WR,1,138,6,BE,14,Las Vegas Raiders,Alabama,68.8,77,345,sleeper
2021,Ben,Russell Gage,5110,id:5110,WR,1,146,7,BE,15,Atlanta Falcons,LSU,119.0,43,345,sleeper
2021,Jake,Broncos,,def:Broncos,DEF,1,90,1,D/ST,8,Denver Broncos,,110.0,12,32,sleeper
2021,Jake,Jason Myers,2747,id:2747,K,1,152,1,K,9,Seattle Seahawks,Marist,100.8,25,57,sleeper
2021,Jake,Matthew Stafford,421,id:421,QB,2,99,1,QB,0,Los Angeles Rams,Georgia,303.7,6,120,sleeper
2021,Jake,Joe Burrow,6770,id:6770,QB,1,160,2,BE,15,Cincinnati Bengals,LSU,281.7,9,120,sleeper
2021,Jake,Christian McCaffrey,4034,id:4034,RB,85,4,1,RB,1,Carolina Panthers,Stanford,99.3,41,199,sleeper
2021,Jake,Mike Davis,2431,id:2431,RB,13,79,2,RB,2,Atlanta Falcons,South Carolina,101.5,39,199,sleeper
2021,Jake,Myles Gaskin,5980,id:5980,RB,5,72,3,FLEX,6,Miami Dolphins,Washington,130.6,28,199,sleeper
2021,Jake,Chuba Hubbard,7594,id:7594,RB,1,110,4,BE,11,Carolina Panthers,Oklahoma State,118.1,32,199,sleeper
2021,Jake,Tony Pollard,5967,id:5967,RB,1,128,5,BE,12,Dallas Cowboys,Memphis,132.1,27,199,sleeper
2021,Jake,Ty Johnson,6039,id:6039,RB,1,136,6,BE,13,New York Jets,Maryland,93.8,47,199,sleeper
2021,Jake,Darren Waller,2505,id:2505,TE,23,33,1,TE,5,Las Vegas Raiders,Georgia Tech,96.3,18,192,sleeper
2021,Jake,DeAndre Hopkins,1426,id:1426,WR,37,32,1,WR,3,Arizona Cardinals,Clemson,121.5,42,345,sleeper
2021,Jake,Robert Woods,1352,id:1352,WR,21,44,2,WR,4,Los Angeles Rams,USC,108.5,48,345,sleeper
2021,Jake,Diontae Johnson,5937,id:5937,WR,4,78,3,FLEX,7,Pittsburgh Steelers,Toledo,200.2,9,345,sleeper
2021,Jake,Robby Anderson,3423,id:3423,WR,2,120,4,BE,10,Carolina Panthers,Temple,101.0,51,345,sleeper
2021,Jake,Michael Gallup,5038,id:5038,WR,1,144,5,BE,14,Dallas Cowboys,Colorado State,68.5,78,345,sleeper
2021,Jake,Elijah Moore,7596,id:7596,WR,1,165,6,BE,16,New York Jets,Ole Miss,109.7,47,345,sleeper
2021,Joe,49ers,,def:49ers,DEF,2,76,1,D/ST,8,San Francisco 49ers,,131.0,6,32,sleeper
2021,Joe,Patriots,,def:Patriots,DEF,2,106,2,BE,16,New England Patriots,,154.0,3,32,sleeper
2021,Joe,Jason Sanders,5119,id:5119,K,2,87,1,K,9,Miami Dolphins,New Mexico,114.4,21,57,sleeper
2021,Joe,Patrick Mahomes,4046,id:4046,QB,25,13,1,QB,0,Kansas City Chiefs,Texas Tech,340.7,4,120,sleeper
2021,Joe,Justin Herbert,6797,id:6797,QB,4,86,2,BE,12,Los Angeles Chargers,Oregon,359.3,2,120,sleeper
2021,Joe,Josh Jacobs,5850,id:5850,RB,21,58,1,RB,1,Las Vegas Raiders,Alabama,183.0,14,199,sleeper
2021,Joe,Miles Sanders,6151,id:6151,RB,15,64,2,RB,2,Philadelphia Eagles,Penn State,96.0,44,199,sleeper
2021,Joe,Raheem Mostert,2749,id:2749,RB,8,97,3,FLEX,6,San Francisco 49ers,Purdue,2.0,136,199,sleeper
2021,Joe,Damien Harris,5890,id:5890,RB,7,59,4,FLEX,7,New England Patriots,Alabama,196.4,10,199,sleeper
2021,Joe,Trey Sermon,7593,id:7593,RB,6,107,5,BE,11,San Francisco 49ers,Ohio State,25.8,94,199,sleeper
2021,Joe,Zack Moss,6845,id:6845,RB,4,89,6,BE,13,Buffalo Bills,Utah,87.5,52,199,sleeper
2021,Joe,Kenyan Drake,3242,id:3242,RB,3,113,7,BE,15,Las Vegas Raiders,Alabama,80.8,56,199,sleeper
2021,Joe,T.J. Hockenson,5844,id:5844,TE,7,50,1,TE,5,Detroit Lions,Iowa,102.8,16,192,sleeper
2021,Joe,Davante Adams,2133,id:2133,WR,46,11,1,WR,3,Green Bay Packers,Fresno State,263.1,4,345,sleeper
2021,Joe,DK Metcalf,5846,id:5846,WR,33,20,2,WR,4,Seattle Seahawks,Ole Miss,194.1,11,345,sleeper
2021,Joe,Odell Beckham,2078,id:2078,WR,6,94,3,BE,10,Cleveland Browns,LSU,99.6,53,345,sleeper
2021,Joe,Antonio Brown,536,id:536,WR,4,100,4,BE,14,Tampa Bay Buccaneers,Central Michigan,92.1,58,345,sleeper
2021,Oleg,Rams,,def:Rams,DEF,4,56,1,D/ST,8,Los Angeles Rams,,113.0,11,32,sleeper
2021,Oleg,Younghoe Koo,4666,id:4666,K,2,62,1,K,9,Atlanta Falcons,Georgia Southern,131.9,16,57,sleeper
2021,Oleg,Russell Wilson,1234,id:1234,QB,7,73,1,QB,0,Seattle Seahawks,Wisconsin,221.3,15,120,sleeper
2021,Oleg,Jalen Hurts,6904,id:6904,QB,2,109,2,BE,13,Philadelphia Eagles,Oklahoma,290.2,8,120,sleeper
2021,Oleg,Nick Chubb,4988,id:4988,RB,59,19,1,RB,1,Cleveland Browns,Georgia,198.8,9,199,sleeper
2021,Oleg,James Robinson,6955,id:6955,RB,36,15,2,RB,2,Jacksonville Jaguars,Illinois State,149.4,25,199,sleeper
2021,Oleg,David Montgomery,5892,id:5892,RB,24,51,3,FLEX,6,Chicago Bears,Iowa State,164.5,19,199,sleeper
2021,Oleg,Javonte Williams,7588,id:7588,RB,12,49,4,FLEX,7,Denver Broncos,North Carolina,171.7,18,199,sleeper
2021,Oleg,A.J. Dillon,6828,id:6828,RB,3,122,5,BE,11,Green Bay Packers,Boston College,159.4,22,199,sleeper
2021,Oleg,Rashaad Penny,4985,id:4985,RB,2,81,6,BE,12,Seattle Seahawks,San Diego State,116.7,33,199,sleeper
2021,Oleg,Logan Thomas,2251,id:2251,TE,3,102,1,TE,5,Washington Commanders,Virginia Tech,41.6,45,192,sleeper
2021,Oleg,A.J. Brown,5859,id:5859,WR,31,31,1,WR,3,Tennessee Titans,Ole Miss,143.4,31,345,sleeper
2021,Oleg,Tyler Lockett,2374,id:2374,WR,7,71,2,WR,4,Seattle Seahawks,Kansas State,192.9,12,345,sleeper
2021,Oleg,Jerry Jeudy,6783,id:6783,WR,3,92,3,BE,10,Denver Broncos,Alabama,59.3,94,345,sleeper
2021,Oleg,Corey Davis,4036,id:4036,WR,2,119,4,BE,14,New York Jets,Western Michigan,83.2,66,345,sleeper
2021,Oleg,Jaylen Waddle,7526,id:7526,WR,1,112,5,BE,15,Miami Dolphins,Alabama,170.8,20,345,sleeper
2021,Oleg,Darnell Mooney,7090,id:7090,WR,1,121,6,BE,16,Chicago Bears,Tulane,165.5,22,345,sleeper
2021,Rohaan,Commanders,,def:Commanders,DEF,1,91,1,D/ST,8,Washington Commanders,,77.0,22,32,sleeper
2021,Rohaan,Justin Tucker,1264,id:1264,K,4,25,1,K,9,Baltimore Ravens,Texas,174.2,2,57,sleeper
2021,Rohaan,Josh Allen,4984,id:4984,QB,19,38,1,QB,0,Buffalo Bills,Wyoming,384.6,1,120,sleeper
2021,Rohaan,Trevor Lawrence,7523,id:7523,QB,1,166,2,BE,14,Jacksonville Jaguars,Clemson,177.0,23,120,sleeper
2021,Rohaan,Derrick Henry,3198,id:3198,RB,69,14,1,RB,1,Tennessee Titans,Alabama,179.1,15,199,sleeper
2021,Rohaan,Chris Carson,4273,id:4273,RB,26,52,2,RB,2,Seattle Seahawks,Oklahoma State,43.1,74,199,sleeper
2021,Rohaan,Nyheim Hines,5347,id:5347,RB,1,145,3,BE,11,Indianapolis Colts,NC State,80.4,57,199,sleeper
2021,Rohaan,Irv Smith,6126,id:6126,TE,2,95,1,TE,5,Minnesota Vikings,Alabama,0.0,168,192,sleeper
2021,Rohaan,Stefon Diggs,2449,id:2449,WR,40,28,1,WR,3,Buffalo Bills,Maryland,217.0,7,345,sleeper
2021,Rohaan,Terry McLaurin,5927,id:5927,WR,30,10,2,WR,4,Washington Commanders,Ohio State,164.8,23,345,sleeper
2021,Rohaan,Will Fuller,3157,id:3157,WR,1,111,3,FLEX,6,Miami Dolphins,Notre Dame,5.6,182,345,sleeper
2021,Rohaan,Deebo Samuel,5872,id:5872,WR,1,129,4,FLEX,7,San Francisco 49ers,South Carolina,290.2,2,345,sleeper
2021,Rohaan,Laviska Shenault,6814,id:6814,WR,1,137,5,BE,10,Jacksonville Jaguars,Colorado,83.3,65,345,sleeper
2021,Rohaan,Marquise Brown,5848,id:5848,WR,1,153,6,BE,12,Baltimore Ravens,Oklahoma,161.1,25,345,sleeper
2021,Rohaan,DeVante Parker,2319,id:2319,WR,1,161,7,BE,13,Miami Dolphins,Louisville,77.8,68,345,sleeper
2021,Rohaan,Tre'Quan Smith,5026,id:5026,WR,1,168,8,BE,15,New Orleans Saints,UCF,66.2,83,345,sleeper
2021,Rohaan,Rondale Moore,7601,id:7601,WR,1,170,9,BE,16,Arizona Cardinals,Purdue,64.6,85,345,sleeper
2021,Ryan,Packers,,def:Packers,DEF,1,163,1,D/ST,8,Green Bay Packers,,109.0,13,32,sleeper
2021,Ryan,Tyler Bass,7042,id:7042,K,1,46,1,K,9,Buffalo Bills,Georgia Southern,144.3,11,57,sleeper
2021,Ryan,Aaron Rodgers,96,id:96,QB,3,96,1,QB,0,Green Bay Packers,California,314.3,5,120,sleeper
2021,Ryan,Ezekiel Elliott,3164,id:3164,RB,60,5,1,RB,1,Dallas Cowboys,Ohio State,212.8,6,199,sleeper
2021,Ryan,Jonathan Taylor,6813,id:6813,RB,44,22,2,RB,2,Indianapolis Colts,Wisconsin,339.9,1,199,sleeper
2021,Ryan,Ronald Jones,5052,id:5052,RB,1,125,3,BE,12,Tampa Bay Buccaneers,USC,71.2,58,199,sleeper
2021,Ryan,David Johnson,2391,id:2391,RB,1,133,4,BE,13,Houston Texans,Northern Iowa,57.8,65,199,sleeper
2021,Ryan,Devin Singletary,6130,id:6130,RB,1,149,5,BE,15,Buffalo Bills,Florida Atlantic,160.8,21,199,sleeper
2021,Ryan,Mark Andrews,5012,id:5012,TE,7,60,1,TE,5,Baltimore Ravens,Oklahoma,230.6,1,192,sleeper
2021,Ryan,Robert Tonyan,4602,id:4602,TE,1,157,2,BE,16,Green Bay Packers,Indiana State,37.9,50,192,sleeper
2021,Ryan,Justin Jefferson,6794,id:6794,WR,33,37,1,WR,3,Minnesota Vikings,LSU,263.4,3,345,sleeper
2021,Ryan,Amari Cooper,2309,id:2309,WR,17,54,2,WR,4,Dallas Cowboys,Alabama,157.5,26,345,sleeper
2021,Ryan,Tee Higgins,6801,id:6801,WR,14,47,3,FLEX,6,Cincinnati Bengals,Clemson,175.1,19,345,sleeper
2021,Ryan,D.J. Moore,4983,id:4983,WR,9,66,4,FLEX,7,Carolina Panthers,Maryland,177.5,17,345,sleeper
2021,Ryan,Mike Williams,4068,id:4068,WR,3,77,5,BE,10,Los Angeles Chargers,Clemson,197.6,10,345,sleeper
2021,Ryan,Kenny Golladay,4131,id:4131,WR,3,82,6,BE,11,New York Giants,Northern Illinois,68.4,79,345,sleeper
2021,Ryan,Tyler Boyd,3225,id:3225,WR,1,141,7,BE,14,Cincinnati Bengals,Pittsburgh,138.1,32,345,sleeper
2021,Steven,Steelers,,def:Steelers,DEF,1,104,1,D/ST,8,Pittsburgh Steelers,,98.0,18,32,sleeper
2021,Steven,Ryan Succop,391,id:391,K,2,36,1,K,9,Tampa Bay Buccaneers,South Carolina,135.7,14,57,sleeper
2021,Steven,Tom Brady,167,id:167,QB,6,7,1,QB,0,Tampa Bay Buccaneers,Michigan,358.7,3,120,sleeper
2021,Steven,Dalvin Cook,4029,id:4029,RB,71,1,1,RB,1,Minnesota Vikings,Florida State,178.1,16,199,sleeper
2021,Steven,Saquon Barkley,4866,id:4866,RB,53,12,2,RB,2,New York Giants,Penn State,114.9,34,199,sleeper
2021,Steven,D'Andre Swift,6790,id:6790,RB,41,17,3,FLEX,6,Detroit Lions,Georgia,158.9,23,199,sleeper
2021,Steven,Michael Carter,7607,id:7607,RB,8,27,4,FLEX,7,New York Jets,North Carolina,128.2,30,199,sleeper
2021,Steven,Leonard Fournette,3969,id:3969,RB,2,116,5,BE,10,Tampa Bay Buccaneers,LSU,200.8,8,199,sleeper
2021,Steven,Alexander Mattison,5987,id:5987,RB,1,123,6,BE,12,Minnesota Vikings,Boise State,100.2,40,199,sleeper
2021,Steven,Tevin Coleman,2378,id:2378,RB,1,155,7,BE,16,New York Jets,Indiana,42.3,77,199,sleeper
2021,Steven,Noah Fant,5857,id:5857,TE,4,55,1,TE,5,Denver Broncos,Iowa,111.0,13,192,sleeper
2021,Steven,Rob Gronkowski,515,id:515,TE,1,147,2,BE,15,Tampa Bay Buccaneers,Arizona,137.7,5,192,sleeper
2021,Steven,Michael Thomas,3199,id:3199,WR,4,63,1,WR,3,New Orleans Saints,Ohio State,0.0,288,345,sleeper
2021,Steven,Jarvis Landry,1825,id:1825,WR,2,101,2,WR,4,Cleveland Browns,LSU,96.3,57,345,sleeper
2021,Steven,T.Y. Hilton,1110,id:1110,WR,1,74,3,BE,11,Indianapolis Colts,Florida International,58.9,95,345,sleeper
2021,Steven,JuJu Smith-Schuster,4040,id:4040,WR,1,131,4,BE,13,Pittsburgh Steelers,USC,24.1,139,345,sleeper
2021,Steven,Brandin Cooks,2197,id:2197,WR,1,139,5,BE,14,Houston Texans,Oregon State,170.3,21,345,sleeper
2021,Tommy,Buccaneers,,def:Buccaneers,DEF,5,24,1,D/ST,8,Tampa Bay Buccaneers,,129.0,7,32,sleeper
2021,Tommy,Harrison Butker,4227,id:4227,K,3,26,1,K,9,Kansas City Chiefs,Georgia Tech,143.7,12,57,sleeper
2021,Tommy,Dak Prescott,3294,id:3294,QB,9,45,1,QB,0,Dallas Cowboys,Mississippi State,295.6,7,120,sleeper
2021,Tommy,Matt Ryan,24,id:24,QB,1,169,2,BE,16,Atlanta Falcons,Boston College,191.9,20,120,sleeper
2021,Tommy,Austin Ekeler,4663,id:4663,RB,42,8,1,RB,1,Los Angeles Chargers,Western Colorado,293.8,2,199,sleeper
2021,Tommy,Antonio Gibson,6945,id:6945,RB,40,35,2,RB,2,Washington Commanders,Memphis,192.6,12,199,sleeper
2021,Tommy,J.K. Dobbins,6806,id:6806,RB,24,41,3,FLEX,6,Baltimore Ravens,Ohio State,0.0,176,199,sleeper
2021,Tommy,James Conner,4137,id:4137,RB,1,132,4,BE,10,Arizona Cardinals,Pittsburgh,229.5,5,199,sleeper
2021,Tommy,Marlon Mack,4152,id:4152,RB,1,162,5,BE,14,Indianapolis Colts,South Florida,11.2,115,199,sleeper
2021,Tommy,Justin Jackson,5131,id:5131,RB,1,167,6,BE,15,Los Angeles Chargers,Northwestern,69.7,59,199,sleeper
2021,Tommy,Dallas Goedert,5022,id:5022,TE,3,115,1,TE,5,Philadelphia Eagles,South Dakota State,130.0,9,192,sleeper
2021,Tommy,Calvin Ridley,4981,id:4981,WR,34,29,1,WR,3,Atlanta Falcons,Alabama,48.6,109,345,sleeper
2021,Tommy,CeeDee Lamb,6786,id:6786,WR,32,30,2,WR,4,Dallas Cowboys,Oklahoma,181.6,15,345,sleeper
2021,Tommy,Nelson Agholor,2325,id:2325,WR,1,105,3,FLEX,7,New England Patriots,USC,79.9,67,345,sleeper
2021,Tommy,Curtis Samuel,4082,id:4082,WR,1,140,4,BE,11,Washington Commanders,Ohio State,4.8,189,345,sleeper
2021,Tommy,Mecole Hardman,5917,id:5917,WR,1,148,5,BE,12,Kansas City Chiefs,Georgia,98.4,55,345,sleeper
2021,Tommy,Marvin Jones,1067,id:1067,WR,1,156,6,BE,13,Jacksonville Jaguars,California,132.0,35,345,sleeper
2022,Aidan,Bills,,def:Bills,DEF,1,27,1,D/ST,8,Buffalo Bills,,150.0,5,32,sleeper
2022,Aidan,Tyler Bass,7042,id:7042,K,1,26,1,K,9,Buffalo Bills,Georgia Southern,153.7,6,51,sleeper
2022,Aidan,Lamar Jackson,4881,id:4881,QB,13,18,1,QB,0,Baltimore Ravens,Louisville,220.1,13,115,sleeper
2022,Aidan,Trevor Lawrence,7523,id:7523,QB,1,34,2,BE,16,Jacksonville Jaguars,Clemson,279.1,5,115,sleeper
2022,Aidan,Saquon Barkley,4866,id:4866,RB,37,19,1,RB,1,New York Giants,Penn State,278.0,6,193,sleeper
2022,Aidan,AJ Dillon,6828,id:6828,RB,6,24,2,RB,2,Green Bay Packers,Boston College,165.6,25,193,sleeper
2022,Aidan,Chase Edmonds,5000,id:5000,RB,5,20,3,FLEX,6,Miami Dolphins,Fordham,74.2,59,193,sleeper
2022,Aidan,Kenneth Walker,8151,id:8151,RB,1,28,4,BE,10,Seattle Seahawks,Michigan State,199.5,17,193,sleeper
2022,Aidan,Jamaal Williams,4149,id:4149,RB,1,30,5,BE,12,Detroit Lions,BYU,224.9,12,193,sleeper
2022,Aidan,Tyrion Davis-Price,8211,id:8211,RB,1,32,6,BE,14,San Francisco 49ers,LSU,9.9,119,193,sleeper
2022,Aidan,Kyle Pitts,7553,id:7553,TE,29,23,1,TE,5,Atlanta Falcons,Florida,75.6,33,181,sleeper
2022,Aidan,Justin Jefferson,6794,id:6794,WR,64,21,1,WR,3,Minnesota Vikings,LSU,367.7,1,346,sleeper
2022,Aidan,Michael Pittman,6819,id:6819,WR,34,22,2,WR,4,Indianapolis Colts,USC,212.5,20,346,sleeper
2022,Aidan,Brandon Aiyuk,6803,id:6803,WR,3,25,3,W/T,7,San Francisco 49ers,Arizona State,227.8,15,346,sleeper
2022,Aidan,Skyy Moore,8168,id:8168,WR,1,29,4,BE,11,Kansas City Chiefs,Western Michigan,43.4,121,346,sleeper
2022,Aidan,Romeo Doubs,8121,id:8121,WR,1,31,5,BE,13,Green Bay Packers,Nevada,99.6,72,346,sleeper
2022,Aidan,Julio Jones,947,id:947,WR,1,33,6,BE,15,Tampa Bay Buccaneers,Alabama,70.4,96,346,sleeper
2022,Alex,Steelers,,def:Steelers,DEF,1,10,1,D/ST,8,Pittsburgh Steelers,,102.0,16,32,sleeper
2022,Alex,Brandon McManus,1433,id:1433,K,1,9,1,K,9,Denver Broncos,Temple,133.7,17,51,sleeper
2022,Alex,Jalen Hurts,6904,id:6904,QB,12,1,1,QB,0,Philadelphia Eagles,Oklahoma,350.0,3,115,sleeper
2022,Alex,Christian McCaffrey,4034,id:4034,RB,72,2,1,RB,1,Carolina Panthers,Stanford,348.4,2,193,sleeper
2022,Alex,Travis Etienne,7543,id:7543,RB,19,11,2,RB,2,Jacksonville Jaguars,Clemson,198.1,18,193,sleeper
2022,Alex,Breece Hall,8155,id:8155,RB,11,6,3,FLEX,6,New York Jets,Iowa State,115.1,41,193,sleeper
2022,Alex,Cordarrelle Patterson,1535,id:1535,RB,4,12,4,BE,10,Atlanta Falcons,Tennessee,151.7,31,193,sleeper
2022,Alex,Michael Carter,7607,id:7607,RB,3,3,5,BE,11,New York Jets,North Carolina,121.0,40,193,sleeper
2022,Alex,Rashaad Penny,4985,id:4985,RB,2,17,6,BE,16,Seattle Seahawks,San Diego State,51.2,70,193,sleeper
2022,Alex,Mark Andrews,5012,id:5012,TE,40,7,1,TE,5,Baltimore Ravens,Oklahoma,188.5,4,181,sleeper
2022,Alex,Dalton Schultz,5001,id:5001,TE,5,8,2,W/T,7,Dallas Cowboys,Stanford,142.7,10,181,sleeper
2022,Alex,Courtland Sutton,5045,id:5045,WR,17,5,1,WR,3,Denver Broncos,SMU,159.4,43,346,sleeper
2022,Alex,Amari Cooper,2309,id:2309,WR,3,4,2,WR,4,Cleveland Browns,Alabama,246.0,10,346,sleeper
2022,Alex,Robert Woods,1352,id:1352,WR,3,15,3,BE,12,Tennessee Titans,USC,115.7,57,346,sleeper
2022,Alex,Tyler Lockett,2374,id:2374,WR,3,16,4,BE,13,Seattle Seahawks,Kansas State,236.3,13,346,sleeper
2022,Alex,Christian Kirk,4950,id:4950,WR,2,13,5,BE,14,Jacksonville Jaguars,Texas A&M,240.9,11,346,sleeper
2022,Alex,DeVonta Smith,7525,id:7525,WR,2,14,6,BE,15,Philadelphia Eagles,Alabama,251.6,9,346,sleeper
2022,Ankit,Packers,,def:Packers,DEF,1,145,1,D/ST,8,Green Bay Packers,,113.0,14,32,sleeper
2022,Ankit,Jake Elliott,4195,id:4195,K,1,146,1,K,9,Philadelphia Eagles,Memphis,123.1,21,51,sleeper
2022,Ankit,Trey Lance,7610,id:7610,QB,4,137,1,QB,0,San Francisco 49ers,North Dakota State,10.5,61,115,sleeper
2022,Ankit,Austin Ekeler,4663,id:4663,RB,63,138,1,RB,1,Los Angeles Chargers,Western Colorado,362.7,1,193,sleeper
2022,Ankit,Javonte Williams,7588,id:7588,RB,32,142,2,RB,2,Denver Broncos,North Carolina,39.0,82,193,sleeper
2022,Ankit,Ezekiel Elliott,3164,id:3164,RB,26,139,3,FLEX,6,Dallas Cowboys,Ohio State,183.8,22,193,sleeper
2022,Ankit,Dameon Pierce,8129,id:8129,RB,7,147,4,BE,10,Houston Texans,Florida,162.4,27,193,sleeper
2022,Ankit,Rhamondre Stevenson,7611,id:7611,RB,3,151,5,BE,12,New England Patriots,Oklahoma,238.1,10,193,sleeper
2022,Ankit,Cole Kmet,6826,id:6826,TE,1,144,1,TE,5,Chicago Bears,Notre Dame,145.3,8,181,sleeper
2022,Ankit,Mike Williams,4068,id:4068,WR,26,140,1,WR,3,Los Angeles Chargers,Clemson,176.5,32,346,sleeper
2022,Ankit,A.J. Brown,5859,id:5859,WR,17,141,2,WR,4,Philadelphia Eagles,Ole Miss,298.6,6,346,sleeper
2022,Ankit,Brandin Cooks,2197,id:2197,WR,9,143,3,W/T,7,Houston Texans,Oregon State,143.6,49,346,sleeper
2022,Ankit,Allen Lazard,5185,id:5185,WR,5,148,4,BE,11,Green Bay Packers,Iowa State,173.8,34,346,sleeper
2022,Ankit,Elijah Moore,7596,id:7596,WR,2,149,5,BE,13,New York Jets,Ole Miss,87.1,81,346,sleeper
2022,Ankit,Chris Olave,8144,id:8144,WR,1,150,6,BE,14,New Orleans Saints,Ohio State,198.2,23,346,sleeper
2022,Ankit,Treylon Burks,8135,id:8135,WR,1,152,7,BE,15,Tennessee Titans,Arkansas,93.1,78,346,sleeper
2022,Ankit,Marquez Valdes-Scantling,5086,id:5086,WR,1,153,8,BE,16,Kansas City Chiefs,South Florida,122.4,54,346,sleeper
2022,Ben,Cowboys,,def:Cowboys,DEF,1,44,1,D/ST,8,Dallas Cowboys,,163.0,2,32,sleeper
2022,Ben,Harrison Butker,4227,id:4227,K,2,43,1,K,9,Kansas City Chiefs,Georgia Tech,97.8,30,51,sleeper
2022,Ben,Patrick Mahomes,4046,id:4046,QB,13,35,1,QB,0,Kansas City Chiefs,Texas Tech,399.4,1,115,sleeper
2022,Ben,Derrick Henry,3198,id:3198,RB,55,36,1,RB,1,Tennessee Titans,Alabama,297.8,4,193,sleeper
2022,Ben,Dalvin Cook,4029,id:4029,RB,54,37,2,RB,2,Minnesota Vikings,Florida State,233.3,11,193,sleeper
2022,Ben,Antonio Gibson,6945,id:6945,RB,9,40,3,FLEX,6,Washington Commanders,Memphis,160.9,28,193,sleeper
2022,Ben,Josh Jacobs,5850,id:5850,RB,9,45,4,BE,10,Las Vegas Raiders,Alabama,324.3,3,193,sleeper
2022,Ben,Khalil Herbert,7608,id:7608,RB,1,49,5,BE,15,Chicago Bears,Virginia Tech,113.8,42,193,sleeper
2022,Ben,Isiah Pacheco,8205,id:8205,RB,1,51,6,BE,16,Kansas City Chiefs,Rutgers,132.0,37,193,sleeper
2022,Ben,T.J. Hockenson,5844,id:5844,TE,2,41,1,TE,5,Detroit Lions,Iowa,211.4,2,181,sleeper
2022,Ben,Keenan Allen,1479,id:1479,WR,26,38,1,WR,3,Los Angeles Chargers,California,164.0,41,346,sleeper
2022,Ben,Marquise Brown,5848,id:5848,WR,9,39,2,WR,4,Arizona Cardinals,Oklahoma,153.0,46,346,sleeper
2022,Ben,Allen Robinson,1992,id:1992,WR,7,42,3,W/T,7,Los Angeles Rams,Penn State,84.9,84,346,sleeper
2022,Ben,DeAndre Hopkins,1426,id:1426,WR,4,46,4,BE,11,Arizona Cardinals,Clemson,150.7,47,346,sleeper
2022,Ben,Hunter Renfrow,5955,id:5955,WR,4,47,5,BE,12,Las Vegas Raiders,Clemson,77.0,93,346,sleeper
2022,Ben,Chase Claypool,6886,id:6886,WR,2,50,6,BE,13,Pittsburgh Steelers,Notre Dame,103.0,68,346,sleeper
2022,Ben,Garrett Wilson,8146,id:8146,WR,1,48,7,BE,14,New York Jets,Ohio State,211.7,21,346,sleeper
2022,Jake,Colts,,def:Colts,DEF,1,110,1,D/ST,8,Indianapolis Colts,,113.0,13,32,sleeper
2022,Jake,Matt Prater,17,id:17,K,1,109,1,K,9,Arizona Cardinals,UCF,104.6,27,51,sleeper
2022,Jake,Justin Herbert,6797,id:6797,QB,5,103,1,QB,0,Los Angeles Chargers,Oregon,253.3,11,115,sleeper
2022,Jake,Leonard Fournette,3969,id:3969,RB,34,104,1,RB,1,Tampa Bay Buccaneers,LSU,221.1,13,193,sleeper
2022,Jake,James Conner,4137,id:4137,RB,33,105,2,RB,2,Arizona Cardinals,Pittsburgh,196.2,19,193,sleeper
2022,Jake,Elijah Mitchell,7561,id:7561,RB,6,112,3,BE,10,San Francisco 49ers,Louisiana,42.6,79,193,sleeper
2022,Jake,Melvin Gordon,2320,id:2320,RB,2,115,4,BE,11,Denver Broncos,Wisconsin,84.1,54,193,sleeper
2022,Jake,Rachaad White,8136,id:8136,RB,1,114,5,BE,12,Tampa Bay Buccaneers,Arizona State,136.1,36,193,sleeper
2022,Jake,Zamir White,8139,id:8139,RB,1,119,6,BE,16,Las Vegas Raiders,Georgia,7.0,129,193,sleeper
2022,Jake,Dawson Knox,5906,id:5906,TE,1,108,1,TE,5,Buffalo Bills,Ole Miss,134.7,15,181,sleeper
2022,Jake,Ja'Marr Chase,7564,id:7564,WR,57,106,1,WR,3,Cincinnati Bengals,LSU,237.9,12,346,sleeper
2022,Jake,Mike Evans,2216,id:2216,WR,39,107,2,WR,4,Tampa Bay Buccaneers,Texas A&M,225.4,17,346,sleeper
2022,Jake,Gabe Davis,6943,id:6943,WR,11,111,3,FLEX,6,Buffalo Bills,UCF,171.6,36,346,sleeper
2022,Jake,Rashod Bateman,7571,id:7571,WR,5,113,4,W/T,7,Baltimore Ravens,Minnesota,53.5,111,346,sleeper
2022,Jake,Kadarius Toney,7606,id:7606,WR,1,116,5,BE,13,New York Giants,Florida,56.3,108,346,sleeper
2022,Jake,Joshua Palmer,7670,id:7670,WR,1,117,6,BE,14,Los Angeles Chargers,Tennessee,166.3,39,346,sleeper
2022,Jake,Isaiah McKenzie,4197,id:4197,WR,1,118,7,BE,15,Buffalo Bills,Georgia,119.8,55,346,sleeper
2022,Joe,Broncos,,def:Broncos,DEF,1,61,1,D/ST,8,Denver Broncos,,111.0,15,32,sleeper
2022,Joe,Wil Lutz,3678,id:3678,K,1,60,1,K,9,New Orleans Saints,Georgia State,114.4,25,51,sleeper
2022,Joe,Matthew Stafford,421,id:421,QB,1,52,1,QB,0,Los Angeles Rams,Georgia,87.9,33,115,sleeper
2022,Joe,Tom Brady,167,id:167,QB,1,65,2,BE,13,Tampa Bay Buccaneers,Michigan,259.7,10,115,sleeper
2022,Joe,Aaron Jones,4199,id:4199,RB,37,53,1,RB,1,Green Bay Packers,UTEP,243.6,8,193,sleeper
2022,Joe,Clyde Edwards-Helaire,6820,id:6820,RB,10,54,2,RB,2,Kansas City Chiefs,LSU,98.3,46,193,sleeper
2022,Joe,James Robinson,6955,id:6955,RB,1,62,3,BE,11,Jacksonville Jaguars,Illinois State,86.6,53,193,sleeper
2022,Joe,Nyheim Hines,5347,id:5347,RB,1,64,4,BE,12,Indianapolis Colts,NC State,78.4,57,193,sleeper
2022,Joe,Eno Benjamin,6951,id:6951,RB,1,66,5,BE,14,Arizona Cardinals,Arizona State,88.6,49,193,sleeper
2022,Joe,Tyler Allgeier,8132,id:8132,RB,1,67,6,BE,15,Atlanta Falcons,BYU,155.4,30,193,sleeper
2022,Joe,Travis Kelce,1466,id:1466,TE,40,59,1,TE,5,Kansas City Chiefs,Cincinnati,315.3,1,181,sleeper
2022,Joe,Cooper Kupp,4039,id:4039,WR,64,55,1,WR,3,Los Angeles Rams,Eastern Washington,195.4,26,346,sleeper
2022,Joe,Diontae Johnson,5937,id:5937,WR,20,56,2,WR,4,Pittsburgh Steelers,Toledo,179.7,28,346,sleeper
2022,Joe,DK Metcalf,5846,id:5846,WR,8,57,3,FLEX,6,Seattle Seahawks,Ole Miss,225.8,16,346,sleeper
2022,Joe,JuJu Smith-Schuster,4040,id:4040,WR,8,58,4,W/T,7,Kansas City Chiefs,USC,183.3,27,346,sleeper
2022,Joe,Adam Thielen,1689,id:1689,WR,4,63,5,BE,10,Minnesota Vikings,Minnesota State,179.0,29,346,sleeper
2022,Joe,Robbie Anderson,3423,id:3423,WR,1,68,6,BE,16,Carolina Panthers,Temple,51.2,116,346,sleeper
2022,Rohaan,49ers,,def:49ers,DEF,3,163,1,D/ST,8,San Francisco 49ers,,162.0,4,32,sleeper
2022,Rohaan,Evan McPherson,7839,id:7839,K,3,162,1,K,9,Cincinnati Bengals,Florida,130.0,19,51,sleeper
2022,Rohaan,Dak Prescott,3294,id:3294,QB,1,154,1,QB,0,Dallas Cowboys,Mississippi State,179.6,19,115,sleeper
2022,Rohaan,Jonathan Taylor,6813,id:6813,RB,73,155,1,RB,1,Indianapolis Colts,Wisconsin,144.4,33,193,sleeper
2022,Rohaan,Nick Chubb,4988,id:4988,RB,23,156,2,RB,2,Cleveland Browns,Georgia,281.4,5,193,sleeper
2022,Rohaan,Jerick McKinnon,2161,id:2161,RB,1,168,3,BE,14,Kansas City Chiefs,Georgia Southern,189.3,20,193,sleeper
2022,Rohaan,Isaiah Spiller,8153,id:8153,RB,1,169,4,BE,15,Los Angeles Chargers,Texas A&M,8.4,124,193,sleeper
2022,Rohaan,Zach Ertz,1339,id:1339,TE,1,159,1,TE,5,Arizona Cardinals,Stanford,115.6,19,181,sleeper
2022,Rohaan,Pat Freiermuth,7600,id:7600,TE,1,166,2,BE,12,Pittsburgh Steelers,Penn State,148.2,7,181,sleeper
2022,Rohaan,Stefon Diggs,2449,id:2449,WR,45,158,1,WR,3,Buffalo Bills,Maryland,316.2,4,346,sleeper
2022,Rohaan,Davante Adams,2133,id:2133,WR,42,157,2,WR,4,Las Vegas Raiders,Fresno State,334.0,3,346,sleeper
2022,Rohaan,Tyler Boyd,3225,id:3225,WR,1,160,3,FLEX,6,Cincinnati Bengals,Pittsburgh,175.0,33,346,sleeper
2022,Rohaan,Jahan Dotson,8119,id:8119,WR,1,161,4,W/T,7,Washington Commanders,Penn State,130.6,50,346,sleeper
2022,Rohaan,Jarvis Landry,1825,id:1825,WR,1,164,5,BE,10,New Orleans Saints,LSU,59.2,104,346,sleeper
2022,Rohaan,Marvin Jones,1067,id:1067,WR,1,165,6,BE,11,Jacksonville Jaguars,California,116.9,56,346,sleeper
2022,Rohaan,DeVante Parker,2319,id:2319,WR,1,167,7,BE,13,New England Patriots,Louisville,101.9,69,346,sleeper
2022,Rohaan,Wan'Dale Robinson,8126,id:8126,WR,1,170,8,BE,16,New York Giants,Kentucky,51.6,115,346,sleeper
2022,Ryan,Saints,,def:Saints,DEF,1,78,1,D/ST,8,New Orleans Saints,,114.0,11,32,sleeper
2022,Ryan,Daniel Carlson,5095,id:5095,K,1,77,1,K,9,Las Vegas Raiders,Auburn,169.1,1,51,sleeper
2022,Ryan,Josh Allen,4984,id:4984,QB,16,69,1,QB,0,Buffalo Bills,Wyoming,373.7,2,115,sleeper
2022,Ryan,Joe Mixon,4018,id:4018,RB,50,71,1,RB,1,Cincinnati Bengals,Oklahoma,238.7,9,193,sleeper
2022,Ryan,D'Andre Swift,6790,id:6790,RB,44,70,2,RB,2,Detroit Lions,Georgia,186.1,21,193,sleeper
2022,Ryan,Damien Harris,5890,id:5890,RB,2,75,3,BE,10,New England Patriots,Alabama,88.9,48,193,sleeper
2022,Ryan,Kareem Hunt,4098,id:4098,RB,2,79,4,BE,11,Cleveland Browns,Toledo,121.8,39,193,sleeper
2022,Ryan,Raheem Mostert,2749,id:2749,RB,1,83,5,BE,14,Miami Dolphins,Purdue,165.3,26,193,sleeper
2022,Ryan,Darren Waller,2505,id:2505,TE,15,74,1,TE,5,Las Vegas Raiders,Georgia Tech,83.8,30,181,sleeper
2022,Ryan,CeeDee Lamb,6786,id:6786,WR,34,72,1,WR,3,Dallas Cowboys,Oklahoma,300.6,5,346,sleeper
2022,Ryan,Terry McLaurin,5927,id:5927,WR,21,73,2,WR,4,Washington Commanders,Ohio State,228.0,14,346,sleeper
2022,Ryan,Amon-Ra St. Brown,7547,id:7547,WR,8,76,3,FLEX,6,Detroit Lions,USC,265.6,7,346,sleeper
2022,Ryan,Jakobi Meyers,5947,id:5947,WR,1,80,4,W/T,7,New England Patriots,NC State,178.3,30,346,sleeper
2022,Ryan,Russell Gage,5110,id:5110,WR,1,81,5,BE,12,Tampa Bay Buccaneers,LSU,123.6,53,346,sleeper
2022,Ryan,Jalen Tolbert,8117,id:8117,WR,1,82,6,BE,13,Dallas Cowboys,South Alabama,3.2,196,346,sleeper
2022,Ryan,Van Jefferson,6853,id:6853,WR,1,84,7,BE,15,Los Angeles Rams,Florida,78.9,92,346,sleeper
2022,Ryan,Nico Collins,7569,id:7569,WR,1,85,8,BE,16,Houston Texans,Michigan,96.1,77,346,sleeper
2022,Steven,Buccaneers,,def:Buccaneers,DEF,2,129,1,D/ST,8,Tampa Bay Buccaneers,,100.0,19,32,sleeper
2022,Steven,Matt Gay,6083,id:6083,K,2,128,1,K,9,Los Angeles Rams,Utah,138.5,14,51,sleeper
2022,Steven,Aaron Rodgers,96,id:96,QB,5,120,1,QB,0,Green Bay Packers,California,217.2,14,115,sleeper
2022,Steven,Alvin Kamara,4035,id:4035,RB,47,121,1,RB,1,New Orleans Saints,Tennessee,209.7,16,193,sleeper
2022,Steven,Cam Akers,6938,id:6938,RB,25,122,2,RB,2,Los Angeles Rams,Florida State,141.3,35,193,sleeper
2022,Steven,David Montgomery,5892,id:5892,RB,17,132,3,FLEX,6,Chicago Bears,Iowa State,176.7,24,193,sleeper
2022,Steven,J.K. Dobbins,6806,id:6806,RB,15,126,4,BE,10,Baltimore Ravens,Ohio State,80.2,56,193,sleeper
2022,Steven,Darrell Henderson,5916,id:5916,RB,3,131,5,BE,12,Los Angeles Rams,Memphis,73.5,61,193,sleeper
2022,Steven,Alexander Mattison,5987,id:5987,RB,3,136,6,BE,15,Minnesota Vikings,Boise State,87.4,50,193,sleeper
2022,Steven,George Kittle,4217,id:4217,TE,13,125,1,TE,5,San Francisco 49ers,Iowa,199.5,3,181,sleeper
2022,Steven,Tyreek Hill,3321,id:3321,WR,35,124,1,WR,3,Miami Dolphins,West Alabama,341.2,2,346,sleeper
2022,Steven,DJ Moore,4983,id:4983,WR,16,123,2,WR,4,Carolina Panthers,Maryland,196.1,25,346,sleeper
2022,Steven,Drake London,8112,id:8112,WR,5,127,3,W/T,7,Atlanta Falcons,USC,177.6,31,346,sleeper
2022,Steven,Darnell Mooney,7090,id:7090,WR,4,133,4,BE,11,Chicago Bears,Tulane,100.5,71,346,sleeper
2022,Steven,Michael Thomas,3199,id:3199,WR,3,134,5,BE,13,New Orleans Saints,Ohio State,51.1,117,346,sleeper
2022,Steven,Chris Godwin,4037,id:4037,WR,3,135,6,BE,14,Tampa Bay Buccaneers,Penn State,221.8,19,346,sleeper
2022,Steven,George Pickens,8137,id:8137,WR,2,130,7,BE,16,Pittsburgh Steelers,Georgia,165.5,40,346,sleeper
2022,Tommy,Ravens,,def:Ravens,DEF,2,94,1,D/ST,8,Baltimore Ravens,,132.0,6,32,sleeper
2022,Tommy,Justin Tucker,1264,id:1264,K,3,95,1,K,9,Baltimore Ravens,Texas,164.2,3,51,sleeper
2022,Tommy,Kyler Murray,5849,id:5849,QB,5,86,1,QB,0,Arizona Cardinals,Oklahoma,180.0,18,115,sleeper
2022,Tommy,Russell Wilson,1234,id:1234,QB,1,100,2,BE,14,Denver Broncos,Wisconsin,192.3,17,115,sleeper
2022,Tommy,Najee Harris,7528,id:7528,RB,61,87,1,RB,1,Pittsburgh Steelers,Alabama,220.9,14,193,sleeper
2022,Tommy,Miles Sanders,6151,id:6151,RB,7,88,2,RB,2,Philadelphia Eagles,Penn State,211.7,15,193,sleeper
2022,Tommy,Tony Pollard,5967,id:5967,RB,5,96,3,BE,10,Dallas Cowboys,Memphis,243.8,7,193,sleeper
2022,Tommy,Kenneth Gainwell,7567,id:7567,RB,4,99,4,BE,11,Philadelphia Eagles,Memphis,86.9,51,193,sleeper
2022,Tommy,Devin Singletary,6130,id:6130,RB,3,97,5,BE,12,Buffalo Bills,Florida Atlantic,178.2,23,193,sleeper
2022,Tommy,James Cook,8138,id:8138,RB,1,98,6,BE,13,Buffalo Bills,Georgia,107.5,44,193,sleeper
2022,Tommy,J.D. McKissic,3664,id:3664,RB,1,101,7,BE,15,Washington Commanders,Arkansas State,55.8,68,193,sleeper
2022,Tommy,Dallas Goedert,5022,id:5022,TE,1,93,1,TE,5,Philadelphia Eagles,South Dakota State,140.2,11,181,sleeper
2022,Tommy,Deebo Samuel,5872,id:5872,WR,54,89,1,WR,3,San Francisco 49ers,South Carolina,167.4,37,346,sleeper
2022,Tommy,Tee Higgins,6801,id:6801,WR,30,90,2,WR,4,Cincinnati Bengals,Clemson,223.2,18,346,sleeper
2022,Tommy,Jaylen Waddle,7526,id:7526,WR,11,91,3,FLEX,6,Miami Dolphins,Alabama,259.2,8,346,sleeper
2022,Tommy,Jerry Jeudy,6783,id:6783,WR,10,92,4,W/T,7,Denver Broncos,Alabama,204.2,22,346,sleeper
2022,Tommy,DJ Chark,4951,id:4951,WR,1,102,5,BE,16,Detroit Lions,LSU,97.2,76,346,sleeper
2023,Aidan,Ravens,,def:Ravens,DEF,1,9,1,D/ST,8,Baltimore Ravens,,171.2,2,32,sleeper
2023,Aidan,Graham Gano,503,id:503,K,1,156,1,K,9,New York Giants,Florida State,48.1,33,42,sleeper
2023,Aidan,Jared Goff,3163,id:3163,QB,10,79,1,QB,0,Detroit Lions,California,269.1,7,112,sleeper
2023,Aidan,Kyler Murray,5849,id:5849,QB,5,78,2,SFLEX,7,Arizona Cardinals,Oklahoma,129.9,25,112,sleeper
2023,Aidan,Jordan Love,6804,id:6804,QB,3,65,3,BE,12,Green Bay Packers,Utah State,301.1,5,112,sleeper
2023,Aidan,Bijan Robinson,9509,id:9509,RB,40,39,1,RB,1,Atlanta Falcons,Texas,242.8,8,191,sleeper
2023,Aidan,Nick Chubb,4988,id:4988,RB,39,41,2,RB,2,Cleveland Browns,Georgia,22.1,88,191,sleeper
2023,Aidan,Alvin Kamara,4035,id:4035,RB,14,42,3,FLEX,6,New Orleans Saints,Tennessee,226.0,12,191,sleeper
2023,Aidan,Samaje Perine,4147,id:4147,RB,2,127,4,BE,14,Denver Broncos,Oklahoma,119.8,40,191,sleeper
2023,Aidan,Rashaad Penny,4985,id:4985,RB,2,139,5,BE,15,Philadelphia Eagles,San Diego State,4.8,116,191,sleeper
2023,Aidan,Tyler Allgeier,8132,id:8132,RB,1,149,6,BE,16,Atlanta Falcons,BYU,133.6,36,191,sleeper
2023,Aidan,Dallas Goedert,5022,id:5022,TE,2,109,1,TE,5,Philadelphia Eagles,South Dakota State,133.3,15,185,sleeper
2023,Aidan,Ja'Marr Chase,7564,id:7564,WR,52,48,1,WR,3,Cincinnati Bengals,LSU,258.2,12,333,sleeper
2023,Aidan,DeVonta Smith,7525,id:7525,WR,15,59,2,WR,4,Philadelphia Eagles,Alabama,226.6,19,333,sleeper
2023,Aidan,DeAndre Hopkins,1426,id:1426,WR,7,69,3,BE,10,Tennessee Titans,Clemson,223.6,22,333,sleeper
2023,Aidan,Tyler Lockett,2374,id:2374,WR,4,129,4,BE,11,Seattle Seahawks,Kansas State,202.4,31,333,sleeper
2023,Aidan,Courtland Sutton,5045,id:5045,WR,2,113,5,BE,13,Denver Broncos,SMU,189.2,35,333,sleeper
2023,Alex,Vikings,,def:Vikings,DEF,1,17,1,D/ST,8,Minnesota Vikings,,100.6,17,32,sleeper
2023,Alex,Jake Elliott,4195,id:4195,K,1,37,1,K,9,Philadelphia Eagles,Memphis,163.5,4,42,sleeper
2023,Alex,Josh Allen,4984,id:4984,QB,65,13,1,QB,0,Buffalo Bills,Wyoming,379.1,1,112,sleeper
2023,Alex,Jalen Hurts,6904,id:6904,QB,58,4,2,SFLEX,7,Philadelphia Eagles,Oklahoma,332.8,2,112,sleeper
2023,Alex,Mac Jones,7527,id:7527,QB,1,159,3,BE,13,New England Patriots,Alabama,88.9,32,112,sleeper
2023,Alex,J.K. Dobbins,6806,id:6806,RB,7,82,1,RB,1,Baltimore Ravens,Ohio State,11.7,105,191,sleeper
2023,Alex,Dameon Pierce,8129,id:8129,RB,6,101,2,RB,2,Houston Texans,Florida,80.7,55,191,sleeper
2023,Alex,D'Andre Swift,6790,id:6790,RB,3,95,3,FLEX,6,Philadelphia Eagles,Georgia,196.3,18,191,sleeper
2023,Alex,Deuce Vaughn,9505,id:9505,RB,1,147,4,BE,11,Dallas Cowboys,Kansas State,15.0,99,191,sleeper
2023,Alex,Jeff Wilson,5284,id:5284,RB,1,162,5,BE,14,Miami Dolphins,North Texas,41.3,73,191,sleeper
2023,Alex,Jaylen Warren,8228,id:8228,RB,1,168,6,BE,16,Pittsburgh Steelers,Oklahoma State,188.4,24,191,sleeper
2023,Alex,Evan Engram,4066,id:4066,TE,2,84,1,TE,5,Jacksonville Jaguars,Ole Miss,225.8,2,185,sleeper
2023,Alex,Kyle Pitts,7553,id:7553,TE,2,96,2,BE,10,Atlanta Falcons,Florida,137.3,13,185,sleeper
2023,Alex,Stefon Diggs,2449,id:2449,WR,35,55,1,WR,3,Buffalo Bills,Maryland,271.3,9,333,sleeper
2023,Alex,DK Metcalf,5846,id:5846,WR,14,77,2,WR,4,Seattle Seahawks,Ole Miss,225.4,21,333,sleeper
2023,Alex,Elijah Moore,7596,id:7596,WR,1,155,3,BE,12,Cleveland Browns,Ole Miss,132.1,53,333,sleeper
2023,Alex,Zay Jones,4080,id:4080,WR,1,165,4,BE,15,Jacksonville Jaguars,East Carolina,78.1,82,333,sleeper
2023,Ankit,Eagles,,def:Eagles,DEF,1,121,1,D/ST,8,Philadelphia Eagles,,82.5,24,32,sleeper
2023,Ankit,Justin Tucker,1264,id:1264,K,4,25,1,K,9,Baltimore Ravens,Texas,163.2,5,42,sleeper
2023,Ankit,Justin Fields,7591,id:7591,QB,39,7,1,QB,0,Chicago Bears,Ohio State,201.2,19,112,sleeper
2023,Ankit,Deshaun Watson,4017,id:4017,QB,31,32,2,SFLEX,7,Cleveland Browns,Clemson,72.8,36,112,sleeper
2023,Ankit,Brock Purdy,8183,id:8183,QB,2,105,3,BE,12,San Francisco 49ers,Iowa State,277.6,6,112,sleeper
2023,Ankit,Aaron Jones,4199,id:4199,RB,21,80,1,RB,1,Green Bay Packers,UTEP,133.4,37,191,sleeper
2023,Ankit,Joe Mixon,4018,id:4018,RB,21,87,2,RB,2,Cincinnati Bengals,Oklahoma,261.0,6,191,sleeper
2023,Ankit,Zach Charbonnet,9753,id:9753,RB,2,141,3,BE,14,Seattle Seahawks,UCLA,102.1,45,191,sleeper
2023,Ankit,Tank Bigsby,9225,id:9225,RB,1,150,4,BE,16,Jacksonville Jaguars,Auburn,22.8,87,191,sleeper
2023,Ankit,Mark Andrews,5012,id:5012,TE,26,72,1,TE,5,Baltimore Ravens,Oklahoma,133.9,14,185,sleeper
2023,Ankit,Keenan Allen,1479,id:1479,WR,17,20,1,WR,3,Los Angeles Chargers,California,277.4,8,333,sleeper
2023,Ankit,DJ Moore,4983,id:4983,WR,10,56,2,WR,4,Chicago Bears,Maryland,283.5,6,333,sleeper
2023,Ankit,Amari Cooper,2309,id:2309,WR,8,110,3,FLEX,6,Cleveland Browns,Alabama,226.5,20,333,sleeper
2023,Ankit,Calvin Ridley,4981,id:4981,WR,8,119,4,BE,10,Jacksonville Jaguars,Alabama,227.4,18,333,sleeper
2023,Ankit,Zay Flowers,9997,id:9997,WR,6,64,5,BE,11,Baltimore Ravens,Boston College,200.4,33,333,sleeper
2023,Ankit,Jahan Dotson,8119,id:8119,WR,2,124,6,BE,13,Washington Commanders,Penn State,123.8,56,333,sleeper
2023,Ankit,Marquise Brown,5848,id:5848,WR,1,131,7,BE,15,Arizona Cardinals,Oklahoma,134.7,52,333,sleeper
2023,Ben,Commanders,,def:Commanders,DEF,1,10,1,D/ST,8,Washington Commanders,,16.8,32,32,sleeper
2023,Ben,Greg Zuerlein,1266,id:1266,K,1,40,1,K,9,New York Jets,Missouri Western,149.2,12,42,sleeper
2023,Ben,Lamar Jackson,4881,id:4881,QB,55,19,1,QB,0,Baltimore Ravens,Louisville,308.2,4,112,sleeper
2023,Ben,Daniel Jones,5870,id:5870,QB,23,52,2,SFLEX,7,New York Giants,Duke,36.5,46,112,sleeper
2023,Ben,Bryce Young,9228,id:9228,QB,2,107,3,BE,11,Carolina Panthers,Alabama,116.9,27,112,sleeper
2023,Ben,Josh Jacobs,5850,id:5850,RB,32,67,1,RB,1,Las Vegas Raiders,Alabama,179.6,28,191,sleeper
2023,Ben,Kenneth Walker,8151,id:8151,RB,8,91,2,RB,2,Seattle Seahawks,Michigan State,195.9,19,191,sleeper
2023,Ben,Rachaad White,8136,id:8136,RB,5,103,3,FLEX,6,Tampa Bay Buccaneers,Arizona State,266.4,4,191,sleeper
2023,Ben,Elijah Mitchell,7561,id:7561,RB,1,140,4,BE,16,San Francisco 49ers,Louisiana,44.5,67,191,sleeper
2023,Ben,Darren Waller,2505,id:2505,TE,8,89,1,TE,5,New York Giants,Georgia Tech,113.2,21,185,sleeper
2023,Ben,Cooper Kupp,4039,id:4039,WR,49,18,1,WR,3,Los Angeles Rams,Eastern Washington,162.4,40,333,sleeper
2023,Ben,Mike Williams,4068,id:4068,WR,4,120,2,WR,4,Los Angeles Chargers,Clemson,49.2,112,333,sleeper
2023,Ben,Michael Pittman,6819,id:6819,WR,3,134,3,BE,10,Indianapolis Colts,USC,249.7,13,333,sleeper
2023,Ben,Christian Kirk,4950,id:4950,WR,2,114,4,BE,12,Jacksonville Jaguars,Texas A&M,150.3,46,333,sleeper
2023,Ben,Chris Godwin,4037,id:4037,WR,2,128,5,BE,13,Tampa Bay Buccaneers,Penn State,209.2,28,333,sleeper
2023,Ben,Odell Beckham,2078,id:2078,WR,2,130,6,BE,14,Baltimore Ravens,LSU,106.5,64,333,sleeper
2023,Ben,Jaxon Smith-Njigba,9488,id:9488,WR,2,135,7,BE,15,Seattle Seahawks,Ohio State,148.8,48,333,sleeper
2023,Jake,Saints,,def:Saints,DEF,1,5,1,D/ST,8,New Orleans Saints,,114.6,12,32,sleeper
2023,Jake,Tyler Bass,7042,id:7042,K,1,35,1,K,9,Buffalo Bills,Georgia Southern,134.3,20,42,sleeper
2023,Jake,Tua Tagovailoa,6768,id:6768,QB,19,50,1,QB,0,Miami Dolphins,Alabama,247.9,11,112,sleeper
2023,Jake,Geno Smith,1373,id:1373,QB,15,47,2,SFLEX,7,Seattle Seahawks,West Virginia,209.8,18,112,sleeper
2023,Jake,C.J. Stroud,9758,id:9758,QB,1,115,3,BE,14,Houston Texans,Ohio State,255.0,9,112,sleeper
2023,Jake,Austin Ekeler,4663,id:4663,RB,53,43,1,RB,1,Los Angeles Chargers,Western Colorado,181.9,27,191,sleeper
2023,Jake,Breece Hall,8155,id:8155,RB,15,15,2,RB,2,New York Jets,Iowa State,283.5,2,191,sleeper
2023,Jake,Jahmyr Gibbs,9221,id:9221,RB,12,93,3,FLEX,6,Detroit Lions,Alabama,236.6,10,191,sleeper
2023,Jake,Cam Akers,6938,id:6938,RB,7,76,4,BE,10,Los Angeles Rams,Florida State,45.2,65,191,sleeper
2023,Jake,James Cook,8138,id:8138,RB,4,132,5,BE,12,Buffalo Bills,Georgia,230.7,11,191,sleeper
2023,Jake,Isiah Pacheco,8205,id:8205,RB,2,122,6,BE,13,Kansas City Chiefs,Rutgers,207.9,15,191,sleeper
2023,Jake,T.J. Hockenson,5844,id:5844,TE,8,90,1,TE,5,Minnesota Vikings,Iowa,217.0,4,185,sleeper
2023,Jake,CeeDee Lamb,6786,id:6786,WR,33,51,1,WR,3,Dallas Cowboys,Oklahoma,401.7,1,333,sleeper
2023,Jake,Jaylen Waddle,7526,id:7526,WR,23,11,2,WR,4,Miami Dolphins,Alabama,196.6,34,333,sleeper
2023,Jake,George Pickens,8137,id:8137,WR,4,125,3,BE,11,Pittsburgh Steelers,Georgia,205.3,30,333,sleeper
2023,Jake,Treylon Burks,8135,id:8135,WR,1,145,4,BE,15,Tennessee Titans,Arkansas,39.9,122,333,sleeper
2023,Jake,Quentin Johnston,9754,id:9754,WR,1,154,5,BE,16,Los Angeles Chargers,TCU,93.0,73,333,sleeper
2023,Joe,Steelers,,def:Steelers,DEF,1,16,1,D/ST,8,Pittsburgh Steelers,,123.4,10,32,sleeper
2023,Joe,Nick Folk,650,id:650,K,1,146,1,K,9,New England Patriots,Arizona,136.5,18,42,sleeper
2023,Joe,Patrick Mahomes,4046,id:4046,QB,65,2,1,QB,0,Kansas City Chiefs,Texas Tech,261.7,8,112,sleeper
2023,Joe,Derek Carr,2028,id:2028,QB,3,86,2,SFLEX,7,New Orleans Saints,Fresno State,219.6,15,112,sleeper
2023,Joe,Ryan Tannehill,1049,id:1049,QB,1,106,3,BE,16,Tennessee Titans,Texas A&M,62.0,38,112,sleeper
2023,Joe,Saquon Barkley,4866,id:4866,RB,38,53,1,RB,1,New York Giants,Penn State,218.2,13,191,sleeper
2023,Joe,Najee Harris,7528,id:7528,RB,10,81,2,RB,2,Pittsburgh Steelers,Alabama,194.0,20,191,sleeper
2023,Joe,Miles Sanders,6151,id:6151,RB,3,117,3,BE,11,Carolina Panthers,Penn State,86.6,52,191,sleeper
2023,Joe,Dalvin Cook,4029,id:4029,RB,2,92,4,BE,13,New York Jets,Florida State,39.2,76,191,sleeper
2023,Joe,Javonte Williams,7588,id:7588,RB,2,126,5,BE,14,Denver Broncos,North Carolina,171.2,30,191,sleeper
2023,Joe,Jamaal Williams,4149,id:4149,RB,2,136,6,BE,15,New Orleans Saints,BYU,59.3,61,191,sleeper
2023,Joe,George Kittle,4217,id:4217,TE,4,99,1,TE,5,San Francisco 49ers,Iowa,203.2,5,185,sleeper
2023,Joe,Amon-Ra St. Brown,7547,id:7547,WR,30,73,1,WR,3,Detroit Lions,USC,329.4,3,333,sleeper
2023,Joe,Garrett Wilson,8146,id:8146,WR,27,68,2,WR,4,New York Jets,Ohio State,212.2,26,333,sleeper
2023,Joe,Christian Watson,8167,id:8167,WR,4,85,3,FLEX,6,Green Bay Packers,North Dakota State,100.3,68,333,sleeper
2023,Joe,Brandon Aiyuk,6803,id:6803,WR,4,111,4,BE,10,San Francisco 49ers,Arizona State,249.2,14,333,sleeper
2023,Joe,Diontae Johnson,5937,id:5937,WR,3,133,5,BE,12,Pittsburgh Steelers,Toledo,151.2,45,333,sleeper
2023,Rohaan,49ers,,def:49ers,DEF,2,3,1,D/ST,8,San Francisco 49ers,,134.8,8,32,sleeper
2023,Rohaan,Evan McPherson,7839,id:7839,K,1,28,1,K,9,Cincinnati Bengals,Florida,142.9,16,42,sleeper
2023,Rohaan,Kirk Cousins,1166,id:1166,QB,22,60,1,QB,0,Minnesota Vikings,Michigan State,137.7,23,112,sleeper
2023,Rohaan,Anthony Richardson,9229,id:9229,QB,18,49,2,SFLEX,7,Indianapolis Colts,Florida,68.2,37,112,sleeper
2023,Rohaan,Jimmy Garoppolo,1837,id:1837,QB,1,108,3,BE,13,Las Vegas Raiders,Eastern Illinois,56.6,42,112,sleeper
2023,Rohaan,Rhamondre Stevenson,7611,id:7611,RB,16,75,1,RB,1,New England Patriots,Oklahoma,141.7,35,191,sleeper
2023,Rohaan,Khalil Herbert,7608,id:7608,RB,6,54,2,RB,2,Chicago Bears,Virginia Tech,110.5,43,191,sleeper
2023,Rohaan,D'Onta Foreman,4111,id:4111,RB,1,88,3,BE,12,Chicago Bears,Texas,90.7,50,191,sleeper
2023,Rohaan,Ezekiel Elliott,3164,id:3164,RB,1,118,4,BE,14,New England Patriots,Ohio State,172.0,29,191,sleeper
2023,Rohaan,David Njoku,4033,id:4033,TE,1,98,1,TE,5,Cleveland Browns,Miami (FL),198.2,6,185,sleeper
2023,Rohaan,Justin Jefferson,6794,id:6794,WR,67,38,1,WR,3,Minnesota Vikings,LSU,202.2,32,333,sleeper
2023,Rohaan,A.J. Brown,5859,id:5859,WR,35,31,2,WR,4,Philadelphia Eagles,Ole Miss,289.6,5,333,sleeper
2023,Rohaan,Deebo Samuel,5872,id:5872,WR,15,36,3,FLEX,6,San Francisco 49ers,South Carolina,242.2,15,333,sleeper
2023,Rohaan,Drake London,8112,id:8112,WR,10,26,4,BE,10,Atlanta Falcons,USC,174.4,36,333,sleeper
2023,Rohaan,Skyy Moore,8168,id:8168,WR,2,74,5,BE,11,Kansas City Chiefs,Western Michigan,53.7,107,333,sleeper
2023,Rohaan,Gabe Davis,6943,id:6943,WR,1,138,6,BE,15,Buffalo Bills,UCF,161.4,41,333,sleeper
2023,Rohaan,Allen Lazard,5185,id:5185,WR,1,148,7,BE,16,New York Jets,Iowa State,60.1,97,333,sleeper
2023,Ryan,Bills,,def:Bills,DEF,1,23,1,D/ST,8,Buffalo Bills,,145.3,5,32,sleeper
2023,Ryan,Harrison Butker,4227,id:4227,K,1,33,1,K,9,Kansas City Chiefs,Georgia Tech,164.4,2,42,sleeper
2023,Ryan,Joe Burrow,6770,id:6770,QB,52,8,1,QB,0,Cincinnati Bengals,LSU,134.7,24,112,sleeper
2023,Ryan,Russell Wilson,1234,id:1234,QB,7,83,2,SFLEX,7,Denver Broncos,Wisconsin,231.9,13,112,sleeper
2023,Ryan,Kenny Pickett,8160,id:8160,QB,2,97,3,BE,10,Pittsburgh Steelers,Pittsburgh,97.7,29,112,sleeper
2023,Ryan,Derrick Henry,3198,id:3198,RB,38,70,1,RB,1,Tennessee Titans,Alabama,242.7,9,191,sleeper
2023,Ryan,David Montgomery,5892,id:5892,RB,2,116,2,RB,2,Detroit Lions,Iowa State,204.7,17,191,sleeper
2023,Ryan,James Conner,4137,id:4137,RB,2,123,3,FLEX,6,Arizona Cardinals,Pittsburgh,193.5,21,191,sleeper
2023,Ryan,Raheem Mostert,2749,id:2749,RB,1,166,4,BE,16,Miami Dolphins,Purdue,266.2,5,191,sleeper
2023,Ryan,Travis Kelce,1466,id:1466,TE,45,57,1,TE,5,Kansas City Chiefs,Cincinnati,219.4,3,185,sleeper
2023,Ryan,Tyreek Hill,3321,id:3321,WR,42,27,1,WR,3,Miami Dolphins,West Alabama,369.4,2,333,sleeper
2023,Ryan,Jordan Addison,9756,id:9756,WR,2,137,2,WR,4,Minnesota Vikings,USC,221.3,23,333,sleeper
2023,Ryan,Brandin Cooks,2197,id:2197,WR,1,143,3,BE,11,Dallas Cowboys,Oregon State,172.7,38,333,sleeper
2023,Ryan,JuJu Smith-Schuster,4040,id:4040,WR,1,152,4,BE,12,New England Patriots,USC,60.0,98,333,sleeper
2023,Ryan,Rashod Bateman,7571,id:7571,WR,1,157,5,BE,13,Baltimore Ravens,Minnesota,76.5,84,333,sleeper
2023,Ryan,Adam Thielen,1689,id:1689,WR,1,160,6,BE,14,Carolina Panthers,Minnesota State,229.0,17,333,sleeper
2023,Ryan,Jonathan Mingo,10225,id:10225,WR,1,163,7,BE,15,Carolina Panthers,Ole Miss,82.3,81,333,sleeper
2023,Steven,Cowboys,,def:Cowboys,DEF,2,6,1,D/ST,8,Dallas Cowboys,,174.3,1,32,sleeper
2023,Steven,Daniel Carlson,5095,id:5095,K,1,22,1,K,9,Las Vegas Raiders,Auburn,122.8,23,42,sleeper
2023,Steven,Dak Prescott,3294,id:3294,QB,24,63,1,QB,0,Dallas Cowboys,Mississippi State,322.3,3,112,sleeper
2023,Steven,Aaron Rodgers,96,id:96,QB,21,1,2,SFLEX,7,New York Jets,California,-0.5,109,112,sleeper
2023,Steven,Matthew Stafford,421,id:421,QB,5,12,3,BE,10,Los Angeles Rams,Georgia,226.1,14,112,sleeper
2023,Steven,Christian McCaffrey,4034,id:4034,RB,58,45,1,RB,1,San Francisco 49ers,Stanford,386.8,1,191,sleeper
2023,Steven,Travis Etienne,7543,id:7543,RB,20,71,2,RB,2,Jacksonville Jaguars,Clemson,280.4,3,191,sleeper
2023,Steven,Brian Robinson,8154,id:8154,RB,2,144,3,BE,13,Washington Commanders,Alabama,192.1,22,191,sleeper
2023,Steven,AJ Dillon,6828,id:6828,RB,1,142,4,BE,15,Green Bay Packers,Boston College,116.6,41,191,sleeper
2023,Steven,Pat Freiermuth,7600,id:7600,TE,1,112,1,TE,5,Pittsburgh Steelers,Penn State,75.8,30,185,sleeper
2023,Steven,Davante Adams,2133,id:2133,WR,33,58,1,WR,3,Las Vegas Raiders,Fresno State,264.4,10,333,sleeper
2023,Steven,Tee Higgins,6801,id:6801,WR,19,21,2,WR,4,Cincinnati Bengals,Clemson,137.6,51,333,sleeper
2023,Steven,Terry McLaurin,5927,id:5927,WR,6,46,3,FLEX,6,Washington Commanders,Ohio State,209.2,29,333,sleeper
2023,Steven,Jerry Jeudy,6783,id:6783,WR,3,66,4,BE,11,Denver Broncos,Alabama,138.8,50,333,sleeper
2023,Steven,Mike Evans,2216,id:2216,WR,2,100,5,BE,12,Tampa Bay Buccaneers,Texas A&M,282.5,7,333,sleeper
2023,Steven,Michael Thomas,3199,id:3199,WR,1,102,6,BE,14,New Orleans Saints,Ohio State,89.8,75,333,sleeper
2023,Steven,Kadarius Toney,7606,id:7606,WR,1,151,7,BE,16,Kansas City Chiefs,Florida,50.5,111,333,sleeper
2023,Tommy,Browns,,def:Browns,DEF,1,14,1,D/ST,8,Cleveland Browns,,151.0,3,32,sleeper
2023,Tommy,Younghoe Koo,4666,id:4666,K,1,34,1,K,9,Atlanta Falcons,Georgia Southern,143.3,15,42,sleeper
2023,Tommy,Justin Herbert,6797,id:6797,QB,46,24,1,QB,0,Los Angeles Chargers,Oregon,218.2,16,112,sleeper
2023,Tommy,Trevor Lawrence,7523,id:7523,QB,42,29,2,SFLEX,7,Jacksonville Jaguars,Clemson,242.5,12,112,sleeper
2023,Tommy,Baker Mayfield,4892,id:4892,QB,1,161,3,BE,13,Tampa Bay Buccaneers,Oklahoma,251.6,10,112,sleeper
2023,Tommy,Tony Pollard,5967,id:5967,RB,36,30,1,RB,1,Dallas Cowboys,Memphis,214.6,14,191,sleeper
2023,Tommy,Alexander Mattison,5987,id:5987,RB,20,62,2,RB,2,Minnesota Vikings,Boise State,129.7,38,191,sleeper
2023,Tommy,Jonathan Taylor,6813,id:6813,RB,18,61,3,FLEX,6,Indianapolis Colts,Wisconsin,154.9,33,191,sleeper
2023,Tommy,Jerick McKinnon,2161,id:2161,RB,1,104,4,BE,10,Kansas City Chiefs,Georgia Southern,83.4,53,191,sleeper
2023,Tommy,Antonio Gibson,6945,id:6945,RB,1,153,5,BE,11,Washington Commanders,Memphis,122.4,39,191,sleeper
2023,Tommy,Deon Jackson,7551,id:7551,RB,1,164,6,BE,14,Indianapolis Colts,Duke,2.0,128,191,sleeper
2023,Tommy,Cole Kmet,6826,id:6826,TE,1,167,1,TE,5,Chicago Bears,Notre Dame,178.6,8,185,sleeper
2023,Tommy,Chris Olave,8144,id:8144,WR,27,44,1,WR,3,New Orleans Saints,Ohio State,231.3,16,333,sleeper
2023,Tommy,Romeo Doubs,8121,id:8121,WR,1,94,2,WR,4,Green Bay Packers,Nevada,173.9,37,333,sleeper
2023,Tommy,Michael Gallup,5038,id:5038,WR,1,158,3,BE,12,Dallas Cowboys,Colorado State,86.8,79,333,sleeper
2023,Tommy,Marquez Valdes-Scantling,5086,id:5086,WR,1,169,4,BE,15,Kansas City Chiefs,South Florida,55.5,106,333,sleeper
2023,Tommy,Chase Claypool,6886,id:6886,WR,1,170,5,BE,16,Chicago Bears,Notre Dame,21.7,154,333,sleeper
2024,Aidan,Seahawks,,def:Seahawks,DEF,1,151,1,D/ST,8,Seattle Seahawks,,138.8,7,32,sleeper
2024,Aidan,Younghoe Koo,4666,id:4666,K,1,143,1,K,9,Atlanta Falcons,Georgia Southern,118.4,21,50,sleeper
2024,Aidan,Anthony Richardson,9229,id:9229,QB,35,20,1,QB,0,Indianapolis Colts,Florida,155.9,25,112,sleeper
2024,Aidan,Caleb Williams,11560,id:11560,QB,15,35,2,SFLEX,7,Chicago Bears,USC,235.0,16,112,sleeper
2024,Aidan,Kirk Cousins,1166,id:1166,QB,1,127,3,BE,15,Atlanta Falcons,Michigan State,161.8,23,112,sleeper
2024,Aidan,Bijan Robinson,9509,id:9509,RB,50,18,1,RB,1,Atlanta Falcons,Texas,335.2,4,191,sleeper
2024,Aidan,Jahmyr Gibbs,9221,id:9221,RB,34,28,2,RB,2,Detroit Lions,Alabama,359.9,1,191,sleeper
2024,Aidan,Brian Robinson,8154,id:8154,RB,2,112,3,BE,10,Washington Commanders,Alabama,159.8,29,191,sleeper
2024,Aidan,Javonte Williams,7588,id:7588,RB,2,125,4,BE,13,Denver Broncos,North Carolina,151.9,31,191,sleeper
2024,Aidan,Nick Chubb,4988,id:4988,RB,2,131,5,BE,14,Cleveland Browns,Georgia,62.3,60,191,sleeper
2024,Aidan,Mark Andrews,5012,id:5012,TE,14,78,1,TE,5,Baltimore Ravens,Oklahoma,188.8,6,185,sleeper
2024,Aidan,Mike Evans,2216,id:2216,WR,25,38,1,WR,3,Tampa Bay Buccaneers,Texas A&M,240.4,11,343,sleeper
2024,Aidan,Brandon Aiyuk,6803,id:6803,WR,8,80,2,WR,4,San Francisco 49ers,Arizona State,62.4,105,343,sleeper
2024,Aidan,Zay Flowers,9997,id:9997,WR,5,99,3,FLEX,6,Baltimore Ravens,Boston College,206.5,24,343,sleeper
2024,Aidan,Tee Higgins,6801,id:6801,WR,2,116,4,BE,11,Cincinnati Bengals,Clemson,222.1,17,343,sleeper
2024,Aidan,Rome Odunze,11620,id:11620,WR,2,118,5,BE,12,Chicago Bears,Washington,144.4,48,343,sleeper
2024,Aidan,DeAndre Hopkins,1426,id:1426,WR,1,135,6,BE,16,Tennessee Titans,Clemson,146.5,47,343,sleeper
2024,Alex,Cowboys,,def:Cowboys,DEF,1,56,1,D/ST,8,Dallas Cowboys,,105.6,14,32,sleeper
2024,Alex,Cameron Dicker,8259,id:8259,K,1,36,1,K,9,Los Angeles Chargers,Texas,186.8,3,50,sleeper
2024,Alex,Patrick Mahomes,4046,id:4046,QB,55,1,1,QB,0,Kansas City Chiefs,Texas Tech,273.0,12,112,sleeper
2024,Alex,Jared Goff,3163,id:3163,QB,6,81,2,SFLEX,7,Detroit Lions,California,313.7,6,112,sleeper
2024,Alex,Deshaun Watson,4017,id:4017,QB,1,134,3,BE,12,Cleveland Browns,Clemson,67.5,40,112,sleeper
2024,Alex,Josh Jacobs,5850,id:5850,RB,25,9,1,RB,1,Green Bay Packers,Alabama,290.6,6,191,sleeper
2024,Alex,De'Von Achane,9226,id:9226,RB,16,50,2,RB,2,Miami Dolphins,Texas A&M,292.4,5,191,sleeper
2024,Alex,Tyjae Spears,9508,id:9508,RB,1,142,3,BE,13,Tennessee Titans,Tulane,111.1,42,191,sleeper
2024,Alex,Trey McBride,8130,id:8130,TE,16,3,1,TE,5,Arizona Cardinals,Colorado State,249.8,2,185,sleeper
2024,Alex,Puka Nacua,9493,id:9493,WR,36,33,1,WR,3,Los Angeles Rams,BYU,204.6,26,343,sleeper
2024,Alex,Drake London,8112,id:8112,WR,21,49,2,WR,4,Atlanta Falcons,USC,280.8,5,343,sleeper
2024,Alex,Chris Godwin,4037,id:4037,WR,11,23,3,FLEX,6,Tampa Bay Buccaneers,Penn State,137.3,53,343,sleeper
2024,Alex,Jayden Reed,10222,id:10222,WR,5,98,4,BE,10,Green Bay Packers,Michigan State,196.0,30,343,sleeper
2024,Alex,Xavier Worthy,11624,id:11624,WR,2,113,5,BE,11,Kansas City Chiefs,Texas,187.2,33,343,sleeper
2024,Alex,Keon Coleman,11637,id:11637,WR,1,150,6,BE,14,Buffalo Bills,Florida State,111.5,70,343,sleeper
2024,Alex,Tyler Lockett,2374,id:2374,WR,1,157,7,BE,15,Seattle Seahawks,Kansas State,119.0,67,343,sleeper
2024,Alex,Mike Williams,4068,id:4068,WR,1,162,8,BE,16,New York Jets,Clemson,56.8,107,343,sleeper
2024,Ankit,Browns,,def:Browns,DEF,2,88,1,D/ST,8,Cleveland Browns,,86.6,25,32,sleeper
2024,Ankit,Justin Tucker,1264,id:1264,K,3,2,1,K,9,Baltimore Ravens,Texas,141.6,13,50,sleeper
2024,Ankit,Kyler Murray,5849,id:5849,QB,37,30,1,QB,0,Arizona Cardinals,Oklahoma,285.7,10,112,sleeper
2024,Ankit,Jayden Daniels,11566,id:11566,QB,5,101,2,SFLEX,7,Washington Commanders,LSU,341.6,5,112,sleeper
2024,Ankit,Matthew Stafford,421,id:421,QB,3,108,3,BE,15,Los Angeles Rams,Georgia,205.6,19,112,sleeper
2024,Ankit,Jonathan Taylor,6813,id:6813,RB,25,62,1,RB,1,Indianapolis Colts,Wisconsin,242.7,12,191,sleeper
2024,Ankit,Rachaad White,8136,id:8136,RB,14,73,2,RB,2,Tampa Bay Buccaneers,Arizona State,195.6,21,191,sleeper
2024,Ankit,Aaron Jones,4199,id:4199,RB,6,83,3,BE,11,Minnesota Vikings,UTEP,235.6,16,191,sleeper
2024,Ankit,D'Andre Swift,6790,id:6790,RB,5,111,4,BE,12,Chicago Bears,Georgia,211.5,19,191,sleeper
2024,Ankit,David Njoku,4033,id:4033,TE,2,105,1,TE,5,Cleveland Browns,Miami (FL),148.5,11,185,sleeper
2024,Ankit,Rashee Rice,10229,id:10229,WR,22,26,1,WR,3,Kansas City Chiefs,SMU,63.9,99,343,sleeper
2024,Ankit,Cooper Kupp,4039,id:4039,WR,19,86,2,WR,4,Los Angeles Rams,Eastern Washington,172.5,40,343,sleeper
2024,Ankit,DK Metcalf,5846,id:5846,WR,18,60,3,FLEX,6,Seattle Seahawks,Ole Miss,191.2,31,343,sleeper
2024,Ankit,Davante Adams,2133,id:2133,WR,18,63,4,BE,10,Las Vegas Raiders,Fresno State,238.3,15,343,sleeper
2024,Ankit,Terry McLaurin,5927,id:5927,WR,4,104,5,BE,13,Washington Commanders,Ohio State,265.8,7,343,sleeper
2024,Ankit,Brian Thomas,11631,id:11631,WR,3,93,6,BE,14,Jacksonville Jaguars,LSU,284.0,4,343,sleeper
2024,Ankit,Calvin Ridley,4981,id:4981,WR,3,114,7,BE,16,Tennessee Titans,Alabama,198.2,27,343,sleeper
2024,Ben,Bears,,def:Bears,DEF,1,89,1,D/ST,8,Chicago Bears,,111.2,13,32,sleeper
2024,Ben,Jason Myers,2747,id:2747,K,1,152,1,K,9,Seattle Seahawks,Marist,145.4,11,50,sleeper
2024,Ben,Tua Tagovailoa,6768,id:6768,QB,9,74,1,QB,0,Miami Dolphins,Alabama,171.8,21,112,sleeper
2024,Ben,Trevor Lawrence,7523,id:7523,QB,4,84,2,SFLEX,7,Jacksonville Jaguars,Clemson,139.7,27,112,sleeper
2024,Ben,Saquon Barkley,4866,id:4866,RB,41,39,1,RB,1,Philadelphia Eagles,Penn State,352.6,2,191,sleeper
2024,Ben,Alvin Kamara,4035,id:4035,RB,9,94,2,RB,2,New Orleans Saints,Tennessee,260.8,9,191,sleeper
2024,Ben,James Conner,4137,id:4137,RB,7,90,3,FLEX,6,Arizona Cardinals,Pittsburgh,251.3,11,191,sleeper
2024,Ben,Jordan Mason,8408,id:8408,RB,5,12,4,BE,10,San Francisco 49ers,Georgia Tech,114.0,41,191,sleeper
2024,Ben,Chase Brown,9224,id:9224,RB,1,128,5,BE,14,Cincinnati Bengals,Illinois,251.5,10,191,sleeper
2024,Ben,Evan Engram,4066,id:4066,TE,7,68,1,TE,5,Jacksonville Jaguars,Ole Miss,87.5,33,185,sleeper
2024,Ben,Isaiah Likely,8131,id:8131,TE,1,144,2,BE,16,Baltimore Ravens,Coastal Carolina,123.7,16,185,sleeper
2024,Ben,Justin Jefferson,6794,id:6794,WR,53,15,1,WR,3,Minnesota Vikings,LSU,317.0,2,343,sleeper
2024,Ben,Ja'Marr Chase,7564,id:7564,WR,53,16,2,WR,4,Cincinnati Bengals,LSU,401.0,1,343,sleeper
2024,Ben,Amari Cooper,2309,id:2309,WR,4,102,3,BE,11,Cleveland Browns,Alabama,122.7,63,343,sleeper
2024,Ben,George Pickens,8137,id:8137,WR,2,123,4,BE,12,Pittsburgh Steelers,Georgia,162.4,42,343,sleeper
2024,Ben,Ladd McConkey,11635,id:11635,WR,1,119,5,BE,13,Los Angeles Chargers,Georgia,238.9,14,343,sleeper
2024,Ben,Adonai Mitchell,11625,id:11625,WR,1,136,6,BE,15,Indianapolis Colts,Texas,53.3,113,343,sleeper
2024,Christian,49ers,,def:49ers,DEF,3,58,1,D/ST,8,San Francisco 49ers,,90.0,23,32,sleeper
2024,Christian,Brandon Aubrey,11533,id:11533,K,3,14,1,K,9,Dallas Cowboys,Notre Dame,202.2,1,50,sleeper
2024,Christian,Josh Allen,4984,id:4984,QB,62,10,1,QB,0,Buffalo Bills,Wyoming,374.0,2,112,sleeper
2024,Christian,Jalen Hurts,6904,id:6904,QB,56,17,2,SFLEX,7,Philadelphia Eagles,Oklahoma,303.6,8,112,sleeper
2024,Christian,Will Levis,9999,id:9999,QB,1,129,3,BE,14,Tennessee Titans,Kentucky,99.7,33,112,sleeper
2024,Christian,Joe Mixon,4018,id:4018,RB,13,71,1,RB,1,Houston Texans,Oklahoma,236.5,14,191,sleeper
2024,Christian,James Cook,8138,id:8138,RB,12,79,2,RB,2,Buffalo Bills,Georgia,265.2,8,191,sleeper
2024,Christian,Tony Pollard,5967,id:5967,RB,3,110,3,BE,11,Tennessee Titans,Memphis,194.7,23,191,sleeper
2024,Christian,Jaylen Warren,8228,id:8228,RB,2,107,4,BE,12,Pittsburgh Steelers,Oklahoma State,121.6,39,191,sleeper
2024,Christian,Jerome Ford,8143,id:8143,RB,2,138,5,BE,13,Cleveland Browns,Cincinnati,130.0,33,191,sleeper
2024,Christian,Austin Ekeler,4663,id:4663,RB,1,137,6,BE,15,Washington Commanders,Western Colorado,127.8,34,191,sleeper
2024,Christian,Kyle Pitts,7553,id:7553,TE,2,115,1,TE,5,Atlanta Falcons,Florida,131.2,15,185,sleeper
2024,Christian,Jaylen Waddle,7526,id:7526,WR,14,55,1,WR,3,Miami Dolphins,Alabama,148.6,46,343,sleeper
2024,Christian,Nico Collins,7569,id:7569,WR,13,61,2,WR,4,Houston Texans,Michigan,205.6,25,343,sleeper
2024,Christian,DJ Moore,4983,id:4983,WR,6,96,3,FLEX,6,Chicago Bears,Maryland,232.1,16,343,sleeper
2024,Christian,Christian Kirk,4950,id:4950,WR,4,82,4,BE,10,Jacksonville Jaguars,Texas A&M,69.9,95,343,sleeper
2024,Christian,Christian Watson,8167,id:8167,WR,1,145,5,BE,16,Green Bay Packers,North Dakota State,105.3,76,343,sleeper
2024,Jake,Vikings,,def:Vikings,DEF,1,65,1,D/ST,8,Minnesota Vikings,,166.6,2,32,sleeper
2024,Jake,Ka'imi Fairbairn,3451,id:3451,K,1,170,1,K,9,Houston Texans,UCLA,177.1,4,50,sleeper
2024,Jake,Bo Nix,11563,id:11563,QB,1,85,1,QB,0,Denver Broncos,Oregon,309.7,7,112,sleeper
2024,Jake,Geno Smith,1373,id:1373,QB,1,133,2,SFLEX,7,Seattle Seahawks,West Virginia,247.0,14,112,sleeper
2024,Jake,Baker Mayfield,4892,id:4892,QB,1,141,3,BE,10,Tampa Bay Buccaneers,Oklahoma,350.3,4,112,sleeper
2024,Jake,Travis Etienne,7543,id:7543,RB,25,64,1,RB,1,Jacksonville Jaguars,Clemson,126.2,36,191,sleeper
2024,Jake,Blake Corum,11586,id:11586,RB,1,149,2,RB,2,Los Angeles Rams,Michigan,33.5,79,191,sleeper
2024,Jake,Trey Benson,11589,id:11589,RB,1,156,3,BE,11,Arizona Cardinals,Florida State,46.5,69,191,sleeper
2024,Jake,J.K. Dobbins,6806,id:6806,RB,1,161,4,BE,12,Los Angeles Chargers,Ohio State,187.8,24,191,sleeper
2024,Jake,Tyler Allgeier,8132,id:8132,RB,1,165,5,BE,13,Atlanta Falcons,BYU,105.2,43,191,sleeper
2024,Jake,Jake Ferguson,8110,id:8110,TE,1,124,1,TE,5,Dallas Cowboys,Wisconsin,101.4,28,185,sleeper
2024,Jake,CeeDee Lamb,6786,id:6786,WR,66,19,1,WR,3,Dallas Cowboys,Oklahoma,260.4,8,343,sleeper
2024,Jake,Amon-Ra St. Brown,7547,id:7547,WR,52,6,2,WR,4,Detroit Lions,USC,316.2,3,343,sleeper
2024,Jake,Garrett Wilson,8146,id:8146,WR,44,37,3,FLEX,6,New York Jets,Ohio State,248.9,10,343,sleeper
2024,Jake,Xavier Legette,11626,id:11626,WR,1,167,4,BE,14,Carolina Panthers,South Carolina,124.1,61,343,sleeper
2024,Jake,Rashid Shaheed,8676,id:8676,WR,1,168,5,BE,15,New Orleans Saints,Weber State,79.8,92,343,sleeper
2024,Jake,Curtis Samuel,4082,id:4082,WR,1,169,6,BE,16,Buffalo Bills,Ohio State,62.7,104,343,sleeper
2024,Joe,Steelers,,def:Steelers,DEF,1,52,1,D/ST,8,Pittsburgh Steelers,,145.7,4,32,sleeper
2024,Joe,Greg Zuerlein,1266,id:1266,K,1,42,1,K,9,New York Jets,Missouri Western,36.1,39,50,sleeper
2024,Joe,Lamar Jackson,4881,id:4881,QB,60,8,1,QB,0,Baltimore Ravens,Louisville,422.1,1,112,sleeper
2024,Joe,Jordan Love,6804,id:6804,QB,25,54,2,SFLEX,7,Green Bay Packers,Utah State,224.4,17,112,sleeper
2024,Joe,Russell Wilson,1234,id:1234,QB,1,158,3,BE,15,Pittsburgh Steelers,Wisconsin,160.0,24,112,sleeper
2024,Joe,Kyren Williams,8150,id:8150,RB,33,41,1,RB,1,Los Angeles Rams,Notre Dame,266.1,7,191,sleeper
2024,Joe,Isiah Pacheco,8205,id:8205,RB,23,51,2,RB,2,Kansas City Chiefs,Rutgers,55.9,64,191,sleeper
2024,Joe,Jonathon Brooks,11583,id:11583,RB,1,121,3,BE,11,Carolina Panthers,Texas,7.5,107,191,sleeper
2024,Joe,Zack Moss,6845,id:6845,RB,1,130,4,BE,12,Cincinnati Bengals,Utah,81.4,52,191,sleeper
2024,Joe,Rico Dowdle,7021,id:7021,RB,1,146,5,BE,13,Dallas Cowboys,South Carolina,195.3,22,191,sleeper
2024,Joe,Sam LaPorta,10859,id:10859,TE,19,27,1,TE,5,Detroit Lions,Iowa,173.6,8,185,sleeper
2024,Joe,Deebo Samuel,5872,id:5872,WR,21,40,1,WR,3,San Francisco 49ers,South Carolina,152.8,44,343,sleeper
2024,Joe,Tank Dell,9502,id:9502,WR,6,95,2,WR,4,Houston Texans,Houston,139.0,51,343,sleeper
2024,Joe,DeVonta Smith,7525,id:7525,WR,4,106,3,FLEX,6,Philadelphia Eagles,Alabama,197.4,28,343,sleeper
2024,Joe,Romeo Doubs,8121,id:8121,WR,1,92,4,BE,10,Green Bay Packers,Nevada,132.1,56,343,sleeper
2024,Joe,Khalil Shakir,8134,id:8134,WR,1,153,5,BE,14,Buffalo Bills,Boise State,180.0,36,343,sleeper
2024,Joe,Joshua Palmer,7670,id:7670,WR,1,163,6,BE,16,Los Angeles Chargers,Tennessee,107.4,74,343,sleeper
2024,Rohaan,Ravens,,def:Ravens,DEF,2,67,1,D/ST,8,Baltimore Ravens,,124.0,10,32,sleeper
2024,Rohaan,Saints,,def:Saints,DEF,1,87,2,BE,13,New Orleans Saints,,84.1,27,32,sleeper
2024,Rohaan,Jake Elliott,4195,id:4195,K,1,57,1,K,9,Philadelphia Eagles,Memphis,140.8,14,50,sleeper
2024,Rohaan,Dak Prescott,3294,id:3294,QB,22,53,1,QB,0,Dallas Cowboys,Mississippi State,109.8,31,112,sleeper
2024,Rohaan,Brock Purdy,8183,id:8183,QB,12,69,2,SFLEX,7,San Francisco 49ers,Iowa State,257.1,13,112,sleeper
2024,Rohaan,Sam Darnold,4943,id:4943,QB,2,75,3,BE,11,Minnesota Vikings,USC,294.0,9,112,sleeper
2024,Rohaan,David Montgomery,5892,id:5892,RB,10,70,1,RB,1,Detroit Lions,Iowa State,221.2,18,191,sleeper
2024,Rohaan,Najee Harris,7528,id:7528,RB,9,22,2,RB,2,Pittsburgh Steelers,Alabama,200.6,20,191,sleeper
2024,Rohaan,Raheem Mostert,2749,id:2749,RB,4,100,3,BE,10,Miami Dolphins,Purdue,69.9,56,191,sleeper
2024,Rohaan,Zamir White,8139,id:8139,RB,2,120,4,BE,12,Las Vegas Raiders,Georgia,29.3,85,191,sleeper
2024,Rohaan,Jaylen Samuels,5107,id:5107,RB,1,97,5,BE,14,,NC State,,,,sleeper
2024,Rohaan,George Kittle,4217,id:4217,TE,7,77,1,TE,5,San Francisco 49ers,Iowa,235.6,3,185,sleeper
2024,Rohaan,T.J. Hockenson,5844,id:5844,TE,1,117,2,BE,15,Minnesota Vikings,Iowa,86.5,34,185,sleeper
2024,Rohaan,Tyreek Hill,3321,id:3321,WR,60,21,1,WR,3,Miami Dolphins,West Alabama,217.2,18,343,sleeper
2024,Rohaan,A.J. Brown,5859,id:5859,WR,47,29,2,WR,4,Philadelphia Eagles,Ole Miss,216.9,19,343,sleeper
2024,Rohaan,Malik Nabers,11632,id:11632,WR,18,46,3,FLEX,6,New York Giants,LSU,271.1,6,343,sleeper
2024,Rohaan,Jaxon Smith-Njigba,9488,id:9488,WR,1,126,4,BE,16,Seattle Seahawks,Ohio State,251.5,9,343,sleeper
2024,Ryan,Bengals,,def:Bengals,DEF,1,34,1,D/ST,8,Cincinnati Bengals,,101.2,17,32,sleeper
2024,Ryan,Evan McPherson,7839,id:7839,K,1,24,1,K,9,Cincinnati Bengals,Florida,92.4,29,50,sleeper
2024,Ryan,C.J. Stroud,9758,id:9758,QB,47,11,1,QB,0,Houston Texans,Ohio State,206.4,18,112,sleeper
2024,Ryan,Justin Herbert,6797,id:6797,QB,11,72,2,SFLEX,7,Los Angeles Chargers,Oregon,273.2,11,112,sleeper
2024,Ryan,Derek Carr,2028,id:2028,QB,1,166,3,BE,16,New Orleans Saints,Fresno State,145.4,26,112,sleeper
2024,Ryan,Breece Hall,8155,id:8155,RB,57,7,1,RB,1,New York Jets,Iowa State,235.9,15,191,sleeper
2024,Ryan,Rhamondre Stevenson,7611,id:7611,RB,5,91,2,RB,2,New England Patriots,Oklahoma,168.9,28,191,sleeper
2024,Ryan,Devin Singletary,6130,id:6130,RB,1,132,3,BE,10,New York Giants,Florida Atlantic,93.6,45,191,sleeper
2024,Ryan,Chuba Hubbard,7594,id:7594,RB,1,155,4,BE,13,Carolina Panthers,Oklahoma State,235.1,17,191,sleeper
2024,Ryan,Travis Kelce,1466,id:1466,TE,28,32,1,TE,5,Kansas City Chiefs,Cincinnati,192.9,5,185,sleeper
2024,Ryan,Brock Bowers,11604,id:11604,TE,1,164,2,BE,15,Las Vegas Raiders,Georgia,259.7,1,185,sleeper
2024,Ryan,Marvin Harrison,11628,id:11628,WR,25,47,1,WR,3,Arizona Cardinals,Ohio State,196.5,29,343,sleeper
2024,Ryan,Chris Olave,8144,id:8144,WR,16,59,2,WR,4,New Orleans Saints,Ohio State,75.7,94,343,sleeper
2024,Ryan,Hollywood Brown,5848,id:5848,WR,2,109,3,FLEX,6,Kansas City Chiefs,Oklahoma,18.1,145,343,sleeper
2024,Ryan,Jordan Addison,9756,id:9756,WR,1,140,4,BE,11,Minnesota Vikings,USC,210.5,21,343,sleeper
2024,Ryan,Courtland Sutton,5045,id:5045,WR,1,148,5,BE,12,Denver Broncos,SMU,240.3,12,343,sleeper
2024,Ryan,Jakobi Meyers,5947,id:5947,WR,1,160,6,BE,14,Las Vegas Raiders,NC State,215.8,20,343,sleeper
2024,Steven,Jets,,def:Jets,DEF,3,43,1,D/ST,8,New York Jets,,92.9,20,32,sleeper
2024,Steven,Harrison Butker,4227,id:4227,K,2,4,1,K,9,Kansas City Chiefs,Georgia Tech,99.7,28,50,sleeper
2024,Steven,Joe Burrow,6770,id:6770,QB,28,44,1,QB,0,Cincinnati Bengals,LSU,355.8,3,112,sleeper
2024,Steven,Aaron Rodgers,96,id:96,QB,10,45,2,SFLEX,7,New York Jets,California,241.1,15,112,sleeper
2024,Steven,Justin Fields,7591,id:7591,QB,1,159,3,BE,16,Pittsburgh Steelers,Ohio State,112.6,30,112,sleeper
2024,Steven,Christian McCaffrey,4034,id:4034,RB,60,5,1,RB,1,San Francisco 49ers,Stanford,47.8,67,191,sleeper
2024,Steven,Derrick Henry,3198,id:3198,RB,27,31,2,RB,2,Baltimore Ravens,Alabama,335.4,3,191,sleeper
2024,Steven,Kenneth Walker,8151,id:8151,RB,13,76,3,FLEX,6,Seattle Seahawks,Michigan State,176.7,27,191,sleeper
2024,Steven,Gus Edwards,5248,id:5248,RB,1,147,4,BE,14,Los Angeles Chargers,Rutgers,64.1,58,191,sleeper
2024,Steven,Ezekiel Elliott,3164,id:3164,RB,1,154,5,BE,15,Dallas Cowboys,Ohio State,57.5,62,191,sleeper
2024,Steven,Dalton Kincaid,10236,id:10236,TE,11,66,1,TE,5,Buffalo Bills,Utah,99.3,30,185,sleeper
2024,Steven,Stefon Diggs,2449,id:2449,WR,19,25,1,WR,3,Houston Texans,Maryland,121.9,64,343,sleeper
2024,Steven,Michael Pittman,6819,id:6819,WR,19,48,2,WR,4,Indianapolis Colts,USC,164.8,41,343,sleeper
2024,Steven,Keenan Allen,1479,id:1479,WR,2,103,3,BE,10,Chicago Bears,California,182.9,34,343,sleeper
2024,Steven,T.Y. Hilton,1110,id:1110,WR,1,13,4,BE,11,,Florida International,,,,sleeper
2024,Steven,Diontae Johnson,5937,id:5937,WR,1,122,5,BE,12,Carolina Panthers,Toledo,89.1,85,343,sleeper
2024,Steven,Jameson Williams,8148,id:8148,WR,1,139,6,BE,13,Detroit Lions,Alabama,210.2,22,343,sleeper
2025,Aidan,Texans,,def:Texans,DEF,2,27,1,D/ST,8,Houston Texans,,191.1,2,32,sleeper
2025,Aidan,Chris Boswell,1945,id:1945,K,1,155,1,K,9,Pittsburgh Steelers,Rice,156.5,8,48,sleeper
2025,Aidan,Jalen Hurts,6904,id:6904,QB,47,17,1,QB,0,Philadelphia Eagles,Oklahoma,320.5,9,116,sleeper
2025,Aidan,Dak Prescott,3294,id:3294,QB,7,84,2,SFLEX,7,Dallas Cowboys,Mississippi State,344.6,6,116,sleeper
2025,Aidan,Bryce Young,9228,id:9228,QB,2,111,3,BE,13,Carolina Panthers,Alabama,238.6,19,116,sleeper
2025,Aidan,Jahmyr Gibbs,9221,id:9221,RB,49,25,1,RB,1,Detroit Lions,Alabama,391.4,4,196,sleeper
2025,Aidan,Isiah Pacheco,8205,id:8205,RB,4,62,2,RB,2,Kansas City Chiefs,Rutgers,97.8,56,196,sleeper
2025,Aidan,Tyrone Tracy,11655,id:11655,RB,3,126,3,BE,10,New York Giants,Purdue,184.9,28,196,sleeper
2025,Aidan,Najee Harris,7528,id:7528,RB,1,149,4,BE,16,Los Angeles Chargers,Alabama,13.6,106,196,sleeper
2025,Aidan,Travis Kelce,1466,id:1466,TE,6,75,1,TE,5,Kansas City Chiefs,Cincinnati,211.2,3,187,sleeper
2025,Aidan,Colston Loveland,12517,id:12517,TE,1,143,2,BE,15,Chicago Bears,Michigan,180.1,12,187,sleeper
2025,Aidan,CeeDee Lamb,6786,id:6786,WR,50,37,1,WR,3,Dallas Cowboys,Oklahoma,217.9,22,336,sleeper
2025,Aidan,Mike Evans,2216,id:2216,WR,16,14,2,WR,4,Tampa Bay Buccaneers,Texas A&M,94.8,74,336,sleeper
2025,Aidan,Jordan Addison,9756,id:9756,WR,4,98,3,FLEX,6,Minnesota Vikings,USC,147.1,46,336,sleeper
2025,Aidan,Deebo Samuel,5872,id:5872,WR,3,130,4,BE,11,Washington Commanders,South Carolina,206.7,26,336,sleeper
2025,Aidan,Jauan Jennings,7049,id:7049,WR,2,103,5,BE,12,San Francisco 49ers,Tennessee,185.8,34,336,sleeper
2025,Aidan,Khalil Shakir,8134,id:8134,WR,2,146,6,BE,14,Buffalo Bills,Boise State,176.9,38,336,sleeper
2025,Alex,Cardinals,,def:Cardinals,DEF,2,30,1,D/ST,8,Arizona Cardinals,,61.3,28,32,sleeper
2025,Alex,Younghoe Koo,4666,id:4666,K,1,156,1,K,9,Atlanta Falcons,Georgia Southern,31.0,39,48,sleeper
2025,Alex,Justin Fields,7591,id:7591,QB,16,60,1,QB,0,New York Jets,Ohio State,150.0,28,116,sleeper
2025,Alex,Trevor Lawrence,7523,id:7523,QB,5,89,2,SFLEX,7,Jacksonville Jaguars,Clemson,366.1,4,116,sleeper
2025,Alex,Matthew Stafford,421,id:421,QB,1,144,3,BE,14,Los Angeles Rams,Georgia,376.6,3,116,sleeper
2025,Alex,Ashton Jeanty,12527,id:12527,RB,30,13,1,RB,1,Las Vegas Raiders,Boise State,260.1,12,196,sleeper
2025,Alex,TreVeyon Henderson,12529,id:12529,RB,15,90,2,RB,2,New England Patriots,Ohio State,229.4,21,196,sleeper
2025,Alex,Tony Pollard,5967,id:5967,RB,6,97,3,FLEX,6,Tennessee Titans,Memphis,209.3,23,196,sleeper
2025,Alex,Braelon Allen,11576,id:11576,RB,1,150,4,BE,15,New York Jets,Wisconsin,19.3,101,196,sleeper
2025,Alex,J.K. Dobbins,6806,id:6806,RB,1,161,5,BE,16,Denver Broncos,Ohio State,130.4,43,196,sleeper
2025,Alex,Brock Bowers,11604,id:11604,TE,40,6,1,TE,5,Las Vegas Raiders,Georgia,188.7,11,187,sleeper
2025,Alex,Sam LaPorta,10859,id:10859,TE,9,72,2,BE,10,Detroit Lions,Iowa,116.9,27,187,sleeper
2025,Alex,Brian Thomas,11631,id:11631,WR,32,40,1,WR,3,Jacksonville Jaguars,LSU,154.8,43,336,sleeper
2025,Alex,Drake London,8112,id:8112,WR,32,50,2,WR,4,Atlanta Falcons,USC,219.4,21,336,sleeper
2025,Alex,Jameson Williams,8148,id:8148,WR,5,117,3,BE,11,Detroit Lions,Alabama,239.9,12,336,sleeper
2025,Alex,Rashid Shaheed,8676,id:8676,WR,2,152,4,BE,12,New Orleans Saints,Weber State,186.8,33,336,sleeper
2025,Alex,Jayden Reed,10222,id:10222,WR,2,154,5,BE,13,Green Bay Packers,Michigan State,52.9,117,336,sleeper
2025,Ankit,Steelers,,def:Steelers,DEF,2,1,1,D/ST,8,Pittsburgh Steelers,,119.4,13,32,sleeper
2025,Ankit,Brandon Aubrey,11533,id:11533,K,6,8,1,K,9,Dallas Cowboys,Notre Dame,193.2,3,48,sleeper
2025,Ankit,Kyler Murray,5849,id:5849,QB,28,22,1,QB,0,Arizona Cardinals,Oklahoma,84.4,38,116,sleeper
2025,Ankit,Caleb Williams,11560,id:11560,QB,21,36,2,SFLEX,7,Chicago Bears,USC,345.9,5,116,sleeper
2025,Ankit,Anthony Richardson,9229,id:9229,QB,1,114,3,BE,16,Indianapolis Colts,Florida,2.8,65,116,sleeper
2025,Ankit,Christian McCaffrey,4034,id:4034,RB,39,38,1,RB,1,San Francisco 49ers,Stanford,464.6,1,196,sleeper
2025,Ankit,Bucky Irving,11584,id:11584,RB,23,45,2,RB,2,Tampa Bay Buccaneers,Oregon,154.5,34,196,sleeper
2025,Ankit,Zach Charbonnet,9753,id:9753,RB,3,123,3,BE,13,Seattle Seahawks,UCLA,201.9,24,196,sleeper
2025,Ankit,Jordan Mason,8408,id:8408,RB,2,131,4,BE,15,Minnesota Vikings,Georgia Tech,146.9,36,196,sleeper
2025,Ankit,Tyler Warren,12518,id:12518,TE,7,105,1,TE,5,Indianapolis Colts,Penn State,207.0,4,187,sleeper
2025,Ankit,Kyle Pitts,7553,id:7553,TE,6,141,2,BE,10,Atlanta Falcons,Florida,231.8,2,187,sleeper
2025,Ankit,Nico Collins,7569,id:7569,WR,36,48,1,WR,3,Houston Texans,Michigan,244.2,8,336,sleeper
2025,Ankit,DJ Moore,4983,id:4983,WR,9,87,2,WR,4,Chicago Bears,Maryland,183.2,36,336,sleeper
2025,Ankit,Xavier Worthy,11624,id:11624,WR,5,95,3,FLEX,6,Kansas City Chiefs,Texas,120.4,60,336,sleeper
2025,Ankit,Jaylen Waddle,7526,id:7526,WR,5,102,4,BE,11,Miami Dolphins,Alabama,214.1,23,336,sleeper
2025,Ankit,Emeka Egbuka,12514,id:12514,WR,4,132,5,BE,12,Tampa Bay Buccaneers,Ohio State,207.7,25,336,sleeper
2025,Ankit,Matthew Golden,12501,id:12501,WR,3,140,6,BE,14,Green Bay Packers,Texas,77.1,93,336,sleeper
2025,Ben,Vikings,,def:Vikings,DEF,2,31,1,D/ST,8,Minnesota Vikings,,150.3,6,32,sleeper
2025,Ben,Matt Gay,6083,id:6083,K,1,118,1,K,9,Washington Commanders,Utah,89.2,29,48,sleeper
2025,Ben,C.J. Stroud,9758,id:9758,QB,10,67,1,QB,0,Houston Texans,Ohio State,228.4,20,116,sleeper
2025,Ben,Jared Goff,3163,id:3163,QB,7,70,2,SFLEX,7,Detroit Lions,California,325.9,8,116,sleeper
2025,Ben,Cam Ward,12522,id:12522,QB,2,148,3,BE,11,Tennessee Titans,Miami (FL),199.1,22,116,sleeper
2025,Ben,Alvin Kamara,4035,id:4035,RB,16,53,1,RB,1,New Orleans Saints,Tennessee,110.2,49,196,sleeper
2025,Ben,Kenneth Walker,8151,id:8151,RB,16,59,2,RB,2,Seattle Seahawks,Michigan State,214.9,22,196,sleeper
2025,Ben,Kaleb Johnson,12504,id:12504,RB,4,107,3,BE,10,Pittsburgh Steelers,Iowa,13.1,107,196,sleeper
2025,Ben,Jacory Croskey-Merritt,12533,id:12533,RB,1,145,4,BE,12,Washington Commanders,Arizona,156.3,33,196,sleeper
2025,Ben,Isaac Guerendo,11651,id:11651,RB,1,162,5,BE,15,San Francisco 49ers,Louisville,3.0,131,196,sleeper
2025,Ben,Javonte Williams,7588,id:7588,RB,1,166,6,BE,16,Dallas Cowboys,North Carolina,269.3,11,196,sleeper
2025,Ben,Jake Ferguson,8110,id:8110,TE,1,136,1,TE,5,Dallas Cowboys,Wisconsin,195.6,9,187,sleeper
2025,Ben,Ja'Marr Chase,7564,id:7564,WR,66,2,1,WR,3,Cincinnati Bengals,LSU,343.1,4,336,sleeper
2025,Ben,Justin Jefferson,6794,id:6794,WR,49,10,2,WR,4,Minnesota Vikings,LSU,221.0,18,336,sleeper
2025,Ben,Marvin Harrison,11628,id:11628,WR,21,74,3,FLEX,6,Arizona Cardinals,Ohio State,140.8,50,336,sleeper
2025,Ben,Jayden Higgins,12484,id:12484,WR,1,151,4,BE,13,Houston Texans,Iowa State,140.5,51,336,sleeper
2025,Ben,Keon Coleman,11637,id:11637,WR,1,157,5,BE,14,Buffalo Bills,Florida State,113.6,62,336,sleeper
2025,Christian,Bills,,def:Bills,DEF,2,34,1,D/ST,8,Buffalo Bills,,124.4,12,32,sleeper
2025,Christian,Cameron Dicker,8259,id:8259,K,2,24,1,K,9,Los Angeles Chargers,Texas,180.5,4,48,sleeper
2025,Christian,Josh Allen,4984,id:4984,QB,55,5,1,QB,0,Buffalo Bills,Wyoming,389.4,1,116,sleeper
2025,Christian,Michael Penix,11559,id:11559,QB,4,104,2,SFLEX,7,Atlanta Falcons,Washington,132.8,32,116,sleeper
2025,Christian,Russell Wilson,1234,id:1234,QB,1,169,3,BE,15,New York Giants,Wisconsin,52.8,44,116,sleeper
2025,Christian,Chase Brown,9224,id:9224,RB,30,61,1,RB,1,Cincinnati Bengals,Illinois,307.1,8,196,sleeper
2025,Christian,Josh Jacobs,5850,id:5850,RB,29,55,2,RB,2,Green Bay Packers,Alabama,260.1,13,196,sleeper
2025,Christian,David Montgomery,5892,id:5892,RB,10,79,3,BE,10,Detroit Lions,Iowa State,186.2,27,196,sleeper
2025,Christian,Tank Bigsby,9225,id:9225,RB,3,133,4,BE,11,Jacksonville Jaguars,Auburn,65.4,66,196,sleeper
2025,Christian,Ray Davis,11575,id:11575,RB,1,165,5,BE,13,Buffalo Bills,Kentucky,92.0,58,196,sleeper
2025,Christian,Tyler Allgeier,8132,id:8132,RB,1,168,6,BE,14,Atlanta Falcons,BYU,137.5,40,196,sleeper
2025,Christian,Tucker Kraft,9484,id:9484,TE,1,113,1,TE,5,Green Bay Packers,South Dakota State,125.2,24,187,sleeper
2025,Christian,Jonnu Smith,4144,id:4144,TE,1,170,2,BE,16,Pittsburgh Steelers,Florida International,87.7,35,187,sleeper
2025,Christian,A.J. Brown,5859,id:5859,WR,23,63,1,WR,3,Philadelphia Eagles,Ole Miss,238.3,13,336,sleeper
2025,Christian,Tee Higgins,6801,id:6801,WR,19,81,2,WR,4,Cincinnati Bengals,Clemson,226.6,17,336,sleeper
2025,Christian,Garrett Wilson,8146,id:8146,WR,17,4,3,FLEX,6,New York Jets,Ohio State,106.0,66,336,sleeper
2025,Christian,Josh Downs,9500,id:9500,WR,1,160,4,BE,12,Indianapolis Colts,North Carolina,153.8,44,336,sleeper
2025,Jake,Ravens,,def:Ravens,DEF,1,163,1,D/ST,8,Baltimore Ravens,,88.9,20,32,sleeper
2025,Jake,Evan McPherson,7839,id:7839,K,1,120,1,K,9,Cincinnati Bengals,Florida,140.9,14,48,sleeper
2025,Jake,Lamar Jackson,4881,id:4881,QB,65,20,1,QB,0,Baltimore Ravens,Louisville,223.9,21,116,sleeper
2025,Jake,Sam Darnold,4943,id:4943,QB,4,122,2,SFLEX,7,Seattle Seahawks,USC,258.8,13,116,sleeper
2025,Jake,Geno Smith,1373,id:1373,QB,1,138,3,BE,15,Las Vegas Raiders,West Virginia,185.1,24,116,sleeper
2025,Jake,Omarion Hampton,12507,id:12507,RB,25,85,1,RB,1,Los Angeles Chargers,North Carolina,148.3,35,196,sleeper
2025,Jake,RJ Harvey,12489,id:12489,RB,11,94,2,RB,2,Denver Broncos,UCF,229.7,20,196,sleeper
2025,Jake,Chuba Hubbard,7594,id:7594,RB,9,69,3,FLEX,6,Carolina Panthers,Oklahoma State,146.6,38,196,sleeper
2025,Jake,Dylan Sampson,12469,id:12469,RB,3,129,4,BE,11,Cleveland Browns,Tennessee,100.8,55,196,sleeper
2025,Jake,Jaylen Warren,8228,id:8228,RB,2,115,5,BE,13,Pittsburgh Steelers,Oklahoma State,246.2,17,196,sleeper
2025,Jake,Travis Etienne,7543,id:7543,RB,2,125,6,BE,14,Jacksonville Jaguars,Clemson,275.9,10,196,sleeper
2025,Jake,Evan Engram,4066,id:4066,TE,3,127,1,TE,5,Denver Broncos,Ole Miss,109.8,29,187,sleeper
2025,Jake,Puka Nacua,9493,id:9493,WR,38,29,1,WR,3,Los Angeles Rams,BYU,411.0,1,336,sleeper
2025,Jake,Ladd McConkey,11635,id:11635,WR,22,47,2,WR,4,Los Angeles Chargers,Georgia,195.9,31,336,sleeper
2025,Jake,Tetairoa McMillan,12526,id:12526,WR,9,116,3,BE,10,Carolina Panthers,Arizona,235.4,14,336,sleeper
2025,Jake,Rome Odunze,11620,id:11620,WR,3,135,4,BE,12,Chicago Bears,Washington,160.6,41,336,sleeper
2025,Jake,KeAndre Lambert-Smith,12670,id:12670,WR,1,158,5,BE,16,Los Angeles Chargers,Auburn,25.5,157,336,sleeper
2025,Joe,Broncos,,def:Broncos,DEF,3,18,1,D/ST,8,Denver Broncos,,166.3,3,32,sleeper
2025,Joe,Chase McLaughlin,6650,id:6650,K,1,26,1,K,9,Tampa Bay Buccaneers,Illinois,163.1,7,48,sleeper
2025,Joe,Justin Herbert,6797,id:6797,QB,10,77,1,QB,0,Los Angeles Chargers,Oregon,305.1,11,116,sleeper
2025,Joe,Jordan Love,6804,id:6804,QB,8,80,2,SFLEX,7,Green Bay Packers,Utah State,257.4,14,116,sleeper
2025,Joe,Aaron Rodgers,96,id:96,QB,1,86,3,BE,14,Pittsburgh Steelers,California,241.7,18,116,sleeper
2025,Joe,Saquon Barkley,4866,id:4866,RB,50,15,1,RB,1,Philadelphia Eagles,Penn State,253.3,16,196,sleeper
2025,Joe,Kyren Williams,8150,id:8150,RB,28,57,2,RB,2,Los Angeles Rams,Notre Dame,300.0,9,196,sleeper
2025,Joe,Jonathan Taylor,6813,id:6813,RB,23,44,3,FLEX,6,Indianapolis Colts,Wisconsin,399.3,3,196,sleeper
2025,Joe,Jaydon Blue,12457,id:12457,RB,3,142,4,BE,11,Dallas Cowboys,Texas,24.3,94,196,sleeper
2025,Joe,Keaton Mitchell,9511,id:9511,RB,1,106,5,BE,15,Baltimore Ravens,East Carolina,75.2,63,196,sleeper
2025,Joe,Rhamondre Stevenson,7611,id:7611,RB,1,124,6,BE,16,New England Patriots,Oklahoma,194.1,25,196,sleeper
2025,Joe,Mark Andrews,5012,id:5012,TE,6,91,1,TE,5,Baltimore Ravens,Oklahoma,143.0,16,187,sleeper
2025,Joe,Amon-Ra St. Brown,7547,id:7547,WR,42,58,1,WR,3,Detroit Lions,USC,352.0,3,336,sleeper
2025,Joe,DK Metcalf,5846,id:5846,WR,13,92,2,WR,4,Pittsburgh Steelers,Ole Miss,202.7,28,336,sleeper
2025,Joe,Ricky Pearsall,11638,id:11638,WR,6,96,3,BE,10,San Francisco 49ers,Florida,102.6,68,336,sleeper
2025,Joe,Chris Godwin,4037,id:4037,WR,2,112,4,BE,12,Tampa Bay Buccaneers,Penn State,92.5,81,336,sleeper
2025,Joe,Jerry Jeudy,6783,id:6783,WR,2,139,5,BE,13,Cleveland Browns,Alabama,135.7,52,336,sleeper
2025,Rohaan,Eagles,,def:Eagles,DEF,2,28,1,D/ST,8,Philadelphia Eagles,,143.6,9,32,sleeper
2025,Rohaan,Jake Bates,11539,id:11539,K,2,11,1,K,9,Detroit Lions,Arkansas,155.5,9,48,sleeper
2025,Rohaan,Baker Mayfield,4892,id:4892,QB,28,65,1,QB,0,Tampa Bay Buccaneers,Oklahoma,291.3,12,116,sleeper
2025,Rohaan,Bo Nix,11563,id:11563,QB,20,51,2,SFLEX,7,Denver Broncos,Oregon,336.5,7,116,sleeper
2025,Rohaan,Drake Maye,11564,id:11564,QB,8,46,3,BE,10,New England Patriots,North Carolina,376.9,2,116,sleeper
2025,Rohaan,Derrick Henry,3198,id:3198,RB,33,35,1,RB,1,Baltimore Ravens,Alabama,311.5,7,196,sleeper
2025,Rohaan,Breece Hall,8155,id:8155,RB,15,66,2,RB,2,New York Jets,Iowa State,236.2,19,196,sleeper
2025,Rohaan,D'Andre Swift,6790,id:6790,RB,5,56,3,BE,14,Chicago Bears,Georgia,258.6,14,196,sleeper
2025,Rohaan,Aaron Jones,4199,id:4199,RB,5,101,4,BE,15,Minnesota Vikings,UTEP,134.2,42,196,sleeper
2025,Rohaan,George Kittle,4217,id:4217,TE,20,64,1,TE,5,San Francisco 49ers,Iowa,175.0,13,187,sleeper
2025,Rohaan,T.J. Hockenson,5844,id:5844,TE,7,78,2,BE,11,Minnesota Vikings,Iowa,121.3,26,187,sleeper
2025,Rohaan,Davante Adams,2133,id:2133,WR,17,12,1,WR,3,Los Angeles Rams,Fresno State,241.4,11,336,sleeper
2025,Rohaan,Terry McLaurin,5927,id:5927,WR,15,32,2,WR,4,Washington Commanders,Ohio State,129.2,56,336,sleeper
2025,Rohaan,Calvin Ridley,4981,id:4981,WR,9,99,3,FLEX,6,Tennessee Titans,Alabama,53.8,116,336,sleeper
2025,Rohaan,Travis Hunter,12530,id:12530,WR,6,33,4,BE,12,Jacksonville Jaguars,Colorado,,,,sleeper
2025,Rohaan,Courtland Sutton,5045,id:5045,WR,6,42,5,BE,13,Denver Broncos,SMU,241.9,9,336,sleeper
2025,Rohaan,Stefon Diggs,2449,id:2449,WR,2,93,6,BE,16,New England Patriots,Maryland,233.8,16,336,sleeper
2025,Ryan,Commanders,,def:Commanders,DEF,1,41,1,D/ST,8,Washington Commanders,,55.5,30,32,sleeper
2025,Ryan,Harrison Butker,4227,id:4227,K,1,21,1,K,9,Kansas City Chiefs,Georgia Tech,153.7,10,48,sleeper
2025,Ryan,Jayden Daniels,11566,id:11566,QB,45,23,1,QB,0,Washington Commanders,LSU,121.9,34,116,sleeper
2025,Ryan,Brock Purdy,8183,id:8183,QB,14,71,2,SFLEX,7,San Francisco 49ers,Iowa State,196.7,23,116,sleeper
2025,Ryan,J.J. McCarthy,11565,id:11565,QB,7,110,3,BE,10,Minnesota Vikings,Michigan,130.0,33,116,sleeper
2025,Ryan,De'Von Achane,9226,id:9226,RB,38,39,1,RB,1,Miami Dolphins,Texas A&M,349.8,5,196,sleeper
2025,Ryan,James Conner,4137,id:4137,RB,11,52,2,RB,2,Arizona Cardinals,Pittsburgh,35.3,83,196,sleeper
2025,Ryan,Joe Mixon,4018,id:4018,RB,4,119,3,BE,13,Houston Texans,Oklahoma,0.0,166,196,sleeper
2025,Ryan,Quinshon Judkins,12512,id:12512,RB,4,137,4,BE,14,Cleveland Browns,Ohio State,188.8,26,196,sleeper
2025,Ryan,Cam Skattebo,12481,id:12481,RB,1,128,5,BE,16,New York Giants,Arizona State,142.2,39,196,sleeper
2025,Ryan,David Njoku,4033,id:4033,TE,4,109,1,TE,5,Cleveland Browns,Miami (FL),88.8,34,187,sleeper
2025,Ryan,Malik Nabers,11632,id:11632,WR,34,19,1,WR,3,New York Giants,LSU,60.6,104,336,sleeper
2025,Ryan,Tyreek Hill,3321,id:3321,WR,19,54,2,WR,4,Miami Dolphins,West Alabama,61.9,102,336,sleeper
2025,Ryan,DeVonta Smith,7525,id:7525,WR,7,88,3,FLEX,6,Philadelphia Eagles,Alabama,220.8,19,336,sleeper
2025,Ryan,Zay Flowers,9997,id:9997,WR,4,100,4,BE,11,Baltimore Ravens,Boston College,263.8,7,336,sleeper
2025,Ryan,Chris Olave,8144,id:8144,WR,4,108,5,BE,12,New Orleans Saints,Ohio State,290.0,6,336,sleeper
2025,Ryan,Jakobi Meyers,5947,id:5947,WR,2,134,6,BE,15,Las Vegas Raiders,NC State,196.3,30,336,sleeper
2025,Steven,49ers,,def:49ers,DEF,1,164,1,D/ST,8,San Francisco 49ers,,67.3,26,32,sleeper
2025,Steven,Cam Little,11786,id:11786,K,1,3,1,K,9,Jacksonville Jaguars,Arkansas,172.9,5,48,sleeper
2025,Steven,Joe Burrow,6770,id:6770,QB,40,9,1,QB,0,Cincinnati Bengals,LSU,141.8,30,116,sleeper
2025,Steven,Patrick Mahomes,4046,id:4046,QB,22,49,2,SFLEX,7,Kansas City Chiefs,Texas Tech,307.3,10,116,sleeper
2025,Steven,Tua Tagovailoa,6768,id:6768,QB,1,121,3,BE,12,Miami Dolphins,Alabama,172.3,25,116,sleeper
2025,Steven,Bijan Robinson,9509,id:9509,RB,51,7,1,RB,1,Atlanta Falcons,Texas,408.3,2,196,sleeper
2025,Steven,James Cook,8138,id:8138,RB,16,16,2,RB,2,Buffalo Bills,Georgia,331.2,6,196,sleeper
2025,Steven,Brian Robinson,8154,id:8154,RB,2,76,3,BE,10,Washington Commanders,Alabama,78.6,61,196,sleeper
2025,Steven,Nick Chubb,4988,id:4988,RB,1,83,4,BE,11,Houston Texans,Georgia,94.3,57,196,sleeper
2025,Steven,Austin Ekeler,4663,id:4663,RB,1,167,5,BE,16,Washington Commanders,Western Colorado,15.6,104,196,sleeper
2025,Steven,Trey McBride,8130,id:8130,TE,30,43,1,TE,5,Arizona Cardinals,Colorado State,341.9,1,187,sleeper
2025,Steven,Jaxon Smith-Njigba,9488,id:9488,WR,20,68,1,WR,3,Seattle Seahawks,Ohio State,392.4,2,336,sleeper
2025,Steven,George Pickens,8137,id:8137,WR,8,82,2,WR,4,Dallas Cowboys,Georgia,321.9,5,336,sleeper
2025,Steven,Rashee Rice,10229,id:10229,WR,3,73,3,FLEX,6,Kansas City Chiefs,SMU,160.1,42,336,sleeper
2025,Steven,Brandon Aiyuk,6803,id:6803,WR,1,147,4,BE,13,San Francisco 49ers,Arizona State,0.0,280,336,sleeper
2025,Steven,Cooper Kupp,4039,id:4039,WR,1,153,5,BE,14,Seattle Seahawks,Eastern Washington,128.3,57,336,sleeper
2025,Steven,Michael Pittman,6819,id:6819,WR,1,159,6,BE,15,Indianapolis Colts,USC,220.4,20,336,sleeper
2026,Aidan,Texans,,def:Texans,DEF,3,24,1,D/ST,8,Houston Texans,,,,,sleeper
2026,Aidan,Cameron Dicker,8259,id:8259,K,1,141,1,K,9,Los Angeles Chargers,Texas,,,,sleeper
2026,Aidan,Justin Herbert,6797,id:6797,QB,37,46,1,QB,0,Los Angeles Chargers,Oregon,,,,sleeper
2026,Aidan,Matthew Stafford,421,id:421,QB,22,63,2,SFLEX,7,Los Angeles Rams,Georgia,,,,sleeper
2026,Aidan,Fernando Mendoza,13269,id:13269,QB,2,113,3,BE,13,Las Vegas Raiders,Indiana,,,,sleeper
2026,Aidan,Saquon Barkley,4866,id:4866,RB,40,36,1,RB,1,Philadelphia Eagles,Penn State,,,,sleeper
2026,Aidan,Cam Skattebo,12481,id:12481,RB,16,70,2,RB,2,New York Giants,Arizona State,,,,sleeper
2026,Aidan,Jadarian Price,13286,id:13286,RB,8,130,3,BE,10,Seattle Seahawks,Notre Dame,,,,sleeper
2026,Aidan,Jordan Mason,8408,id:8408,RB,4,139,4,BE,12,Minnesota Vikings,Georgia Tech,,,,sleeper
2026,Aidan,Isaiah Likely,8131,id:8131,TE,2,114,1,TE,5,New York Giants,Coastal Carolina,,,,sleeper
2026,Aidan,George Kittle,4217,id:4217,TE,2,142,2,BE,14,San Francisco 49ers,Iowa,,,,sleeper
2026,Aidan,Nico Collins,7569,id:7569,WR,29,57,1,WR,3,Houston Texans,Michigan,,,,sleeper
2026,Aidan,Ladd McConkey,11635,id:11635,WR,18,82,2,WR,4,Los Angeles Chargers,Georgia,,,,sleeper
2026,Aidan,DJ Moore,4983,id:4983,WR,9,110,3,FLEX,6,Buffalo Bills,Maryland,,,,sleeper
2026,Aidan,Michael Wilson,10232,id:10232,WR,5,23,4,BE,11,Arizona Cardinals,Stanford,,,,sleeper
2026,Aidan,Brian Thomas,11631,id:11631,WR,2,143,5,BE,15,Jacksonville Jaguars,LSU,,,,sleeper
2026,Alex,Chiefs,,def:Chiefs,DEF,1,122,1,D/ST,8,Kansas City Chiefs,,,,,sleeper
2026,Alex,Caleb Williams,11560,id:11560,QB,35,52,1,QB,0,Chicago Bears,USC,,,,sleeper
2026,Alex,Kyler Murray,5849,id:5849,QB,17,61,2,SFLEX,7,Minnesota Vikings,Oklahoma,,,,sleeper
2026,Alex,Aaron Rodgers,96,id:96,QB,2,115,3,BE,11,Pittsburgh Steelers,California,,,,sleeper
2026,Alex,James Cook,8138,id:8138,RB,43,2,1,RB,1,Buffalo Bills,Georgia,,,,sleeper
2026,Alex,Kenneth Walker,8151,id:8151,RB,34,41,2,RB,2,Kansas City Chiefs,Michigan State,,,,sleeper
2026,Alex,Bhayshul Tuten,12490,id:12490,RB,10,106,3,FLEX,6,Jacksonville Jaguars,Virginia Tech,,,,sleeper
2026,Alex,Mike Washington,13305,id:13305,RB,2,159,4,BE,13,Las Vegas Raiders,Arkansas,,,,sleeper
2026,Alex,Sam LaPorta,10859,id:10859,TE,9,32,1,TE,5,Detroit Lions,Iowa,,,,sleeper
2026,Alex,Dallas Goedert,5022,id:5022,TE,2,156,2,BE,12,Philadelphia Eagles,South Dakota State,,,,sleeper
2026,Alex,DeVonta Smith,7525,id:7525,WR,26,38,1,WR,3,Philadelphia Eagles,Alabama,,,,sleeper
2026,Alex,Luther Burden,12519,id:12519,WR,12,20,2,WR,4,Chicago Bears,Missouri,,,,sleeper
2026,Alex,De'Zhaun Stribling,13417,id:13417,WR,4,161,3,BE,10,San Francisco 49ers,Ole Miss,,,,sleeper
2026,Alex,Michael Pittman,6819,id:6819,WR,1,145,4,BE,14,Pittsburgh Steelers,USC,,,,sleeper
2026,Alex,Wan'Dale Robinson,8126,id:8126,WR,1,155,5,BE,15,Tennessee Titans,Kentucky,,,,sleeper
2026,Alex,Jakobi Meyers,5947,id:5947,WR,1,165,6,BE,16,Jacksonville Jaguars,NC State,,,,sleeper
2026,Ankit,Seahawks,,def:Seahawks,DEF,5,25,1,D/ST,8,Seattle Seahawks,,,,,sleeper
2026,Ankit,Harrison Mevis,12015,id:12015,K,1,151,1,K,9,Los Angeles Rams,Missouri,,,,sleeper
2026,Ankit,Malik Willis,8161,id:8161,QB,9,87,1,QB,0,Miami Dolphins,Liberty,,,,sleeper
2026,Ankit,Cam Ward,12522,id:12522,QB,5,111,2,SFLEX,7,Tennessee Titans,Miami (FL),,,,sleeper
2026,Ankit,Deshaun Watson,4017,id:4017,QB,2,152,3,BE,14,Cleveland Browns,Clemson,,,,sleeper
2026,Ankit,Jahmyr Gibbs,9221,id:9221,RB,66,1,1,RB,1,Detroit Lions,Alabama,,,,sleeper
2026,Ankit,Chase Brown,9224,id:9224,RB,37,34,2,RB,2,Cincinnati Bengals,Illinois,,,,sleeper
2026,Ankit,Breece Hall,8155,id:8155,RB,17,75,3,FLEX,6,New York Jets,Iowa State,,,,sleeper
2026,Ankit,J.K. Dobbins,6806,id:6806,RB,4,47,4,BE,12,Denver Broncos,Ohio State,,,,sleeper
2026,Ankit,Rico Dowdle,7021,id:7021,RB,3,140,5,BE,13,Pittsburgh Steelers,South Carolina,,,,sleeper
2026,Ankit,Kenny Gainwell,7567,id:7567,RB,2,163,6,BE,15,Tampa Bay Buccaneers,Memphis,,,,sleeper
2026,Ankit,Kyle Pitts,7553,id:7553,TE,5,129,1,TE,5,Atlanta Falcons,Florida,,,,sleeper
2026,Ankit,Chris Olave,8144,id:8144,WR,21,73,1,WR,3,New Orleans Saints,Ohio State,,,,sleeper
2026,Ankit,Davante Adams,2133,id:2133,WR,10,100,2,WR,4,Los Angeles Rams,Fresno State,,,,sleeper
2026,Ankit,Parker Washington,9487,id:9487,WR,7,117,3,BE,10,Jacksonville Jaguars,Penn State,,,,sleeper
2026,Ankit,Carnell Tate,13279,id:13279,WR,5,65,4,BE,11,Tennessee Titans,Ohio State,,,,sleeper
2026,Ben,Steelers,,def:Steelers,DEF,2,37,1,D/ST,8,Pittsburgh Steelers,,,,,sleeper
2026,Ben,Jake Bates,11539,id:11539,K,1,173,1,K,9,Detroit Lions,Arkansas,,,,sleeper
2026,Ben,Patrick Mahomes,4046,id:4046,QB,26,48,1,QB,0,Kansas City Chiefs,Texas Tech,,,,sleeper
2026,Ben,Brock Purdy,8183,id:8183,QB,14,99,2,SFLEX,7,San Francisco 49ers,Iowa State,,,,sleeper
2026,Ben,Jacoby Brissett,3257,id:3257,QB,2,116,3,BE,10,Arizona Cardinals,NC State,,,,sleeper
2026,Ben,Jeremiyah Love,13287,id:13287,RB,28,71,1,RB,1,Arizona Cardinals,Notre Dame,,,,sleeper
2026,Ben,MarShawn Lloyd,11581,id:11581,RB,6,131,2,RB,2,Green Bay Packers,USC,,,,sleeper
2026,Ben,Rhamondre Stevenson,7611,id:7611,RB,3,127,3,FLEX,6,New England Patriots,Oklahoma,,,,sleeper
2026,Ben,Tank Bigsby,9225,id:9225,RB,1,154,4,BE,12,Philadelphia Eagles,Auburn,,,,sleeper
2026,Ben,Keaton Mitchell,9511,id:9511,RB,1,164,5,BE,13,Los Angeles Chargers,East Carolina,,,,sleeper
2026,Ben,Tyler Warren,12518,id:12518,TE,15,88,1,TE,5,Indianapolis Colts,Penn State,,,,sleeper
2026,Ben,Jaxon Smith-Njigba,9488,id:9488,WR,49,6,1,WR,3,Seattle Seahawks,Ohio State,,,,sleeper
2026,Ben,Amon-Ra St. Brown,7547,id:7547,WR,49,18,2,WR,4,Detroit Lions,USC,,,,sleeper
2026,Ben,Stefon Diggs,2449,id:2449,WR,1,144,3,BE,11,Washington Commanders,Maryland,,,,sleeper
2026,Ben,Jalen McMillan,11618,id:11618,WR,1,181,4,BE,14,Tampa Bay Buccaneers,Washington,,,,sleeper
2026,Ben,Matthew Golden,12501,id:12501,WR,1,186,5,BE,15,Green Bay Packers,Texas,,,,sleeper
2026,Christian,Eagles,,def:Eagles,DEF,3,13,1,D/ST,8,Philadelphia Eagles,,,,,sleeper
2026,Christian,Lions,,def:Lions,DEF,1,76,2,BE,15,Detroit Lions,,,,,sleeper
2026,Christian,Brandon Aubrey,11533,id:11533,K,4,86,1,K,9,Dallas Cowboys,Notre Dame,,,,sleeper
2026,Christian,Lamar Jackson,4881,id:4881,QB,60,5,1,QB,0,Baltimore Ravens,Louisville,,,,sleeper
2026,Christian,Jalen Hurts,6904,id:6904,QB,42,42,2,SFLEX,7,Philadelphia Eagles,Oklahoma,,,,sleeper
2026,Christian,Sam Darnold,4943,id:4943,QB,9,85,3,BE,10,Seattle Seahawks,USC,,,,sleeper
2026,Christian,Kyren Williams,8150,id:8150,RB,24,50,1,RB,1,Los Angeles Rams,Notre Dame,,,,sleeper
2026,Christian,Quinshon Judkins,12512,id:12512,RB,9,98,2,RB,2,Cleveland Browns,Ohio State,,,,sleeper
2026,Christian,RJ Harvey,12489,id:12489,RB,4,104,3,BE,12,Denver Broncos,UCF,,,,sleeper
2026,Christian,Tony Pollard,5967,id:5967,RB,3,124,4,BE,14,Tennessee Titans,Memphis,,,,sleeper
2026,Christian,Tucker Kraft,9484,id:9484,TE,4,96,1,TE,5,Green Bay Packers,South Dakota State,,,,sleeper
2026,Christian,Tee Higgins,6801,id:6801,WR,17,58,1,WR,3,Cincinnati Bengals,Clemson,,,,sleeper
2026,Christian,Marvin Harrison,11628,id:11628,WR,6,77,2,WR,4,Arizona Cardinals,Ohio State,,,,sleeper
2026,Christian,DK Metcalf,5846,id:5846,WR,5,92,3,FLEX,6,Pittsburgh Steelers,Ole Miss,,,,sleeper
2026,Christian,Terry McLaurin,5927,id:5927,WR,5,133,4,BE,11,Washington Commanders,Ohio State,,,,sleeper
2026,Christian,Courtland Sutton,5045,id:5045,WR,3,121,5,BE,13,Denver Broncos,SMU,,,,sleeper
2026,Jake,Jets,,def:Jets,DEF,1,191,1,D/ST,8,New York Jets,,,,,sleeper
2026,Jake,Tyler Loop,12711,id:12711,K,1,190,1,K,9,Baltimore Ravens,Arizona,,,,sleeper
2026,Jake,Drake Maye,11564,id:11564,QB,44,17,1,QB,0,New England Patriots,North Carolina,,,,sleeper
2026,Jake,Trevor Lawrence,7523,id:7523,QB,41,26,2,SFLEX,7,Jacksonville Jaguars,Clemson,,,,sleeper
2026,Jake,Kirk Cousins,1166,id:1166,QB,1,136,3,BE,10,Las Vegas Raiders,Michigan State,,,,sleeper
2026,Jake,Javonte Williams,7588,id:7588,RB,21,90,1,RB,1,Dallas Cowboys,North Carolina,,,,sleeper
2026,Jake,Travis Etienne,7543,id:7543,RB,16,105,2,RB,2,New Orleans Saints,Clemson,,,,sleeper
2026,Jake,Seth McGowan,13424,id:13424,RB,1,182,3,BE,13,Indianapolis Colts,Kentucky,,,,sleeper
2026,Jake,Colston Loveland,12517,id:12517,TE,19,40,1,TE,5,Chicago Bears,Michigan,,,,sleeper
2026,Jake,Brenton Strange,9480,id:9480,TE,1,147,2,BE,11,Jacksonville Jaguars,Penn State,,,,sleeper
2026,Jake,Puka Nacua,9493,id:9493,WR,49,21,1,WR,3,Los Angeles Rams,BYU,,,,sleeper
2026,Jake,Jayden Reed,10222,id:10222,WR,1,157,2,WR,4,Green Bay Packers,Michigan State,,,,sleeper
2026,Jake,Jalen Coker,11646,id:11646,WR,1,167,3,FLEX,6,Carolina Panthers,Holy Cross,,,,sleeper
2026,Jake,Ted Hurst,13317,id:13317,WR,1,175,4,BE,12,Tampa Bay Buccaneers,Georgia State,,,,sleeper
2026,Jake,Zachariah Branch,13320,id:13320,WR,1,187,5,BE,14,Atlanta Falcons,Georgia,,,,sleeper
2026,Jake,Pat Bryant,12492,id:12492,WR,1,192,6,BE,15,Denver Broncos,Illinois,,,,sleeper
2026,Joe,Chargers,,def:Chargers,DEF,2,31,1,D/ST,8,Los Angeles Chargers,,,,,sleeper
2026,Joe,Trey Smack,13545,id:13545,K,1,8,1,K,9,Green Bay Packers,Florida,,,,sleeper
2026,Joe,Jordan Love,6804,id:6804,QB,17,49,1,QB,0,Green Bay Packers,Utah State,,,,sleeper
2026,Joe,Baker Mayfield,4892,id:4892,QB,16,101,2,SFLEX,7,Tampa Bay Buccaneers,Oklahoma,,,,sleeper
2026,Joe,Omarion Hampton,12507,id:12507,RB,32,51,1,RB,1,Los Angeles Chargers,North Carolina,,,,sleeper
2026,Joe,Derrick Henry,3198,id:3198,RB,32,67,2,RB,2,Baltimore Ravens,Alabama,,,,sleeper
2026,Joe,Blake Corum,11586,id:11586,RB,2,137,3,BE,10,Los Angeles Rams,Michigan,,,,sleeper
2026,Joe,Woody Marks,12474,id:12474,RB,1,150,4,BE,12,Houston Texans,USC,,,,sleeper
2026,Joe,Tyler Allgeier,8132,id:8132,RB,1,160,5,BE,13,Arizona Cardinals,BYU,,,,sleeper
2026,Joe,Trey McBride,8130,id:8130,TE,32,7,1,TE,5,Arizona Cardinals,Colorado State,,,,sleeper
2026,Joe,A.J. Brown,5859,id:5859,WR,33,33,1,WR,3,New England Patriots,Ole Miss,,,,sleeper
2026,Joe,Rashee Rice,10229,id:10229,WR,22,69,2,WR,4,Kansas City Chiefs,SMU,,,,sleeper
2026,Joe,Jameson Williams,8148,id:8148,WR,6,134,3,FLEX,6,Detroit Lions,Alabama,,,,sleeper
2026,Joe,Jordyn Tyson,13281,id:13281,WR,1,128,4,BE,11,New Orleans Saints,Arizona State,,,,sleeper
2026,Joe,Ja'Kobi Lane,13293,id:13293,WR,1,170,5,BE,14,Baltimore Ravens,USC,,,,sleeper
2026,Joe,Cyrus Allen,13413,id:13413,WR,1,178,6,BE,15,Kansas City Chiefs,Cincinnati,,,,sleeper
2026,Kaitlyn,Vikings,,def:Vikings,DEF,2,108,1,D/ST,8,Minnesota Vikings,,,,,sleeper
2026,Kaitlyn,Jason Myers,2747,id:2747,K,1,148,1,K,9,Seattle Seahawks,Marist,,,,sleeper
2026,Kaitlyn,Evan McPherson,7839,id:7839,K,1,176,2,BE,13,Cincinnati Bengals,Florida,,,,sleeper
2026,Kaitlyn,Josh Allen,4984,id:4984,QB,77,16,1,QB,0,Buffalo Bills,Wyoming,,,,sleeper
2026,Kaitlyn,Tyler Shough,12545,id:12545,QB,11,102,2,SFLEX,7,New Orleans Saints,Louisville,,,,sleeper
2026,Kaitlyn,Michael Penix,11559,id:11559,QB,1,188,3,BE,15,Atlanta Falcons,Washington,,,,sleeper
2026,Kaitlyn,Ashton Jeanty,12527,id:12527,RB,26,4,1,RB,1,Las Vegas Raiders,Boise State,,,,sleeper
2026,Kaitlyn,TreVeyon Henderson,12529,id:12529,RB,5,109,2,RB,2,New England Patriots,Ohio State,,,,sleeper
2026,Kaitlyn,Alvin Kamara,4035,id:4035,RB,2,95,3,BE,10,New Orleans Saints,Tennessee,,,,sleeper
2026,Kaitlyn,Jake Ferguson,8110,id:8110,TE,1,126,1,TE,5,Dallas Cowboys,Wisconsin,,,,sleeper
2026,Kaitlyn,Mark Andrews,5012,id:5012,TE,1,158,2,BE,11,Baltimore Ravens,Oklahoma,,,,sleeper
2026,Kaitlyn,CeeDee Lamb,6786,id:6786,WR,40,45,1,WR,3,Dallas Cowboys,Oklahoma,,,,sleeper
2026,Kaitlyn,Emeka Egbuka,12514,id:12514,WR,19,79,2,WR,4,Tampa Bay Buccaneers,Ohio State,,,,sleeper
2026,Kaitlyn,Mike Evans,2216,id:2216,WR,11,68,3,FLEX,6,San Francisco 49ers,Texas A&M,,,,sleeper
2026,Kaitlyn,KC Concepcion,13298,id:13298,WR,1,168,4,BE,12,Cleveland Browns,Texas A&M,,,,sleeper
2026,Kaitlyn,Khalil Shakir,8134,id:8134,WR,1,183,5,BE,14,Buffalo Bills,Boise State,,,,sleeper
2026,Rohaan,Ravens,,def:Ravens,DEF,1,72,1,D/ST,8,Baltimore Ravens,,,,,sleeper
2026,Rohaan,Colts,,def:Colts,DEF,1,120,2,BE,11,Indianapolis Colts,,,,,sleeper
2026,Rohaan,Will Reichard,11792,id:11792,K,1,60,1,K,9,Minnesota Vikings,Alabama,,,,sleeper
2026,Rohaan,Joe Burrow,6770,id:6770,QB,43,29,1,QB,0,Cincinnati Bengals,LSU,,,,sleeper
2026,Rohaan,Dak Prescott,3294,id:3294,QB,33,54,2,SFLEX,7,Dallas Cowboys,Mississippi State,,,,sleeper
2026,Rohaan,C.J. Stroud,9758,id:9758,QB,9,80,3,BE,10,Houston Texans,Ohio State,,,,sleeper
2026,Rohaan,Jonathan Taylor,6813,id:6813,RB,48,27,1,RB,1,Indianapolis Colts,Wisconsin,,,,sleeper
2026,Rohaan,Jonathon Brooks,11583,id:11583,RB,4,35,2,RB,2,Carolina Panthers,Texas,,,,sleeper
2026,Rohaan,Chuba Hubbard,7594,id:7594,RB,4,56,3,FLEX,6,Carolina Panthers,Oklahoma State,,,,sleeper
2026,Rohaan,Dalton Kincaid,10236,id:10236,TE,4,84,1,TE,5,Buffalo Bills,Utah,,,,sleeper
2026,Rohaan,Hunter Henry,3214,id:3214,TE,1,132,2,BE,12,New England Patriots,Arkansas,,,,sleeper
2026,Rohaan,Justin Jefferson,6794,id:6794,WR,47,30,1,WR,3,Minnesota Vikings,LSU,,,,sleeper
2026,Rohaan,Chris Godwin,4037,id:4037,WR,1,153,2,WR,4,Tampa Bay Buccaneers,Penn State,,,,sleeper
2026,Rohaan,Deebo Samuel,5872,id:5872,WR,1,172,3,BE,13,San Francisco 49ers,South Carolina,,,,sleeper
2026,Rohaan,Tre Tucker,10213,id:10213,WR,1,180,4,BE,14,Las Vegas Raiders,Cincinnati,,,,sleeper
2026,Rohaan,Xavier Worthy,11624,id:11624,WR,1,185,5,BE,15,Kansas City Chiefs,Texas,,,,sleeper
2026,Ryan,Rams,,def:Rams,DEF,5,12,1,D/ST,8,Los Angeles Rams,,,,,sleeper
2026,Ryan,Ka'imi Fairbairn,3451,id:3451,K,1,3,1,K,9,Houston Texans,UCLA,,,,sleeper
2026,Ryan,Jayden Daniels,11566,id:11566,QB,43,28,1,QB,0,Washington Commanders,LSU,,,,sleeper
2026,Ryan,Daniel Jones,5870,id:5870,QB,5,123,2,SFLEX,7,Indianapolis Colts,Duke,,,,sleeper
2026,Ryan,Tua Tagovailoa,6768,id:6768,QB,1,174,3,BE,15,Atlanta Falcons,Alabama,,,,sleeper
2026,Ryan,De'Von Achane,9226,id:9226,RB,37,39,1,RB,1,Miami Dolphins,Texas A&M,,,,sleeper
2026,Ryan,David Montgomery,5892,id:5892,RB,10,97,2,RB,2,Houston Texans,Iowa State,,,,sleeper
2026,Ryan,Jaylen Warren,8228,id:8228,RB,4,135,3,BE,11,Pittsburgh Steelers,Oklahoma State,,,,sleeper
2026,Ryan,Josh Jacobs,5850,id:5850,RB,3,78,4,BE,12,Green Bay Packers,Alabama,,,,sleeper
2026,Ryan,Travis Kelce,1466,id:1466,TE,2,112,1,TE,5,Kansas City Chiefs,Cincinnati,,,,sleeper
2026,Ryan,Drake London,8112,id:8112,WR,30,43,1,WR,3,Atlanta Falcons,USC,,,,sleeper
2026,Ryan,Malik Nabers,11632,id:11632,WR,23,64,2,WR,4,New York Giants,LSU,,,,sleeper
2026,Ryan,Zay Flowers,9997,id:9997,WR,17,81,3,FLEX,6,Baltimore Ravens,Boston College,,,,sleeper
2026,Ryan,Garrett Wilson,8146,id:8146,WR,17,94,4,BE,10,New York Jets,Ohio State,,,,sleeper
2026,Ryan,Alec Pierce,8142,id:8142,WR,1,146,5,BE,13,Indianapolis Colts,Cincinnati,,,,sleeper
2026,Ryan,Romeo Doubs,8121,id:8121,WR,1,166,6,BE,14,New England Patriots,Nevada,,,,sleeper
2026,Stephanie,Broncos,,def:Broncos,DEF,2,74,1,D/ST,8,Denver Broncos,,,,,sleeper
2026,Stephanie,Andy Borregales,12713,id:12713,K,1,189,1,K,9,New England Patriots,Miami (FL),,,,sleeper
2026,Stephanie,Bo Nix,11563,id:11563,QB,27,55,1,QB,0,Denver Broncos,Oregon,,,,sleeper
2026,Stephanie,Jared Goff,3163,id:3163,QB,23,66,2,SFLEX,7,Detroit Lions,California,,,,sleeper
2026,Stephanie,Bryce Young,9228,id:9228,QB,4,125,3,BE,10,Carolina Panthers,Alabama,,,,sleeper
2026,Stephanie,Christian McCaffrey,4034,id:4034,RB,48,22,1,RB,1,San Francisco 49ers,Stanford,,,,sleeper
2026,Stephanie,D'Andre Swift,6790,id:6790,RB,13,103,2,RB,2,Chicago Bears,Georgia,,,,sleeper
2026,Stephanie,Jacory Croskey-Merritt,12533,id:12533,RB,1,138,3,BE,11,Washington Commanders,Arizona,,,,sleeper
2026,Stephanie,Aaron Jones,4199,id:4199,RB,1,177,4,BE,14,Minnesota Vikings,UTEP,,,,sleeper
2026,Stephanie,Brian Robinson,8154,id:8154,RB,1,184,5,BE,15,Atlanta Falcons,Alabama,,,,sleeper
2026,Stephanie,Harold Fannin,12506,id:12506,TE,6,91,1,TE,5,Cleveland Browns,Bowling Green,,,,sleeper
2026,Stephanie,Ja'Marr Chase,7564,id:7564,WR,53,9,1,WR,3,Cincinnati Bengals,LSU,,,,sleeper
2026,Stephanie,Jaylen Waddle,7526,id:7526,WR,14,89,2,WR,4,Denver Broncos,Alabama,,,,sleeper
2026,Stephanie,Rome Odunze,11620,id:11620,WR,4,118,3,FLEX,6,Chicago Bears,Washington,,,,sleeper
2026,Stephanie,Jordan Addison,9756,id:9756,WR,1,149,4,BE,12,Minnesota Vikings,USC,,,,sleeper
2026,Stephanie,Quentin Johnston,9754,id:9754,WR,1,169,5,BE,13,Los Angeles Chargers,TCU,,,,sleeper
2026,Steven,Jaguars,,def:Jaguars,DEF,2,14,1,D/ST,8,Jacksonville Jaguars,,,,,sleeper
2026,Steven,Cam Little,11786,id:11786,K,1,11,1,K,9,Jacksonville Jaguars,Arkansas,,,,sleeper
2026,Steven,Jaxson Dart,12508,id:12508,QB,25,19,1,QB,0,New York Giants,Ole Miss,,,,sleeper
2026,Steven,Geno Smith,1373,id:1373,QB,1,83,2,SFLEX,7,New York Jets,West Virginia,,,,sleeper
2026,Steven,Bijan Robinson,9509,id:9509,RB,58,15,1,RB,1,Atlanta Falcons,Texas,,,,sleeper
2026,Steven,Bucky Irving,11584,id:11584,RB,16,93,2,RB,2,Tampa Bay Buccaneers,Oregon,,,,sleeper
2026,Steven,Kaelon Black,13414,id:13414,RB,1,107,3,BE,11,San Francisco 49ers,Indiana,,,,sleeper
2026,Steven,Zach Charbonnet,9753,id:9753,RB,1,119,4,BE,12,Seattle Seahawks,UCLA,,,,sleeper
2026,Steven,Kyle Monangai,12534,id:12534,RB,1,162,5,BE,13,Chicago Bears,Rutgers,,,,sleeper
2026,Steven,Brock Bowers,11604,id:11604,TE,38,10,1,TE,5,Las Vegas Raiders,Georgia,,,,sleeper
2026,Steven,George Pickens,8137,id:8137,WR,25,59,1,WR,3,Dallas Cowboys,Georgia,,,,sleeper
2026,Steven,Tetairoa McMillan,12526,id:12526,WR,16,62,2,WR,4,Carolina Panthers,Arizona,,,,sleeper
2026,Steven,Christian Watson,8167,id:8167,WR,9,53,3,FLEX,6,Green Bay Packers,North Dakota State,,,,sleeper
2026,Steven,Makai Lemon,13294,id:13294,WR,4,44,4,BE,10,Philadelphia Eagles,USC,,,,sleeper
2026,Steven,Josh Downs,9500,id:9500,WR,1,171,5,BE,14,Indianapolis Colts,North Carolina,,,,sleeper
2026,Steven,Rashid Shaheed,8676,id:8676,WR,1,179,6,BE,15,Seattle Seahawks,Weber State,,,,sleeper
